ID,CUSTOMER_ID,START_RESERVATION_TIME,END_RESERVATION_TIME,START_LATITUDE,START_LONGITUDE
21162378,1177265,2023-01-03T16:41:48Z,2023-01-03T16:55:43Z,52.329249,4.931219
21148058,658716,2023-01-02T13:36:24Z,2023-01-02T13:40:56Z,53.206654,6.557782
21159645,621460,2023-01-03T13:31:34Z,2023-01-03T13:46:42Z,51.690708,5.296281
21152511,963827,2023-01-02T19:02:49Z,2023-01-02T19:24:19Z,51.933387,4.480919
21151839,1330742,2023-01-02T18:16:03Z,2023-01-02T18:42:22Z,52.387966,4.909376
21167388,911634,2023-01-04T02:48:13Z,2023-01-04T03:02:17Z,51.915704,4.475929
21160989,188938,2023-01-03T15:14:01Z,2023-01-03T15:27:18Z,52.066608,4.280379
21156754,938394,2023-01-03T08:25:23Z,2023-01-03T08:31:22Z,50.762514,6.087653
21177367,349381,2023-01-04T23:08:32Z,2023-01-04T23:18:32Z,53.218543,6.576077
21150560,886162,2023-01-02T16:33:27Z,2023-01-02T16:49:33Z,52.369723,4.873831
21163339,97222,2023-01-03T17:48:22Z,2023-01-03T17:58:01Z,52.388468,4.839687
21175216,704443,2023-01-04T19:02:01Z,2023-01-04T19:16:26Z,52.34138,4.89468
21161809,1058982,2023-01-03T16:12:32Z,2023-01-03T17:03:06Z,51.890202,4.495207
21144653,983255,2023-01-02T07:10:07Z,2023-01-02T07:10:38Z,52.370471,4.634004
21152882,1305567,2023-01-02T19:39:58Z,2023-01-02T19:47:44Z,52.068389,4.298869
21165990,294464,2023-01-03T22:18:51Z,2023-01-03T22:33:13Z,52.078801,4.298601
21157470,132732,2023-01-03T10:01:44Z,2023-01-03T10:10:03Z,52.104343,4.275653
21154928,386251,2023-01-02T13:15:58Z,2023-01-02T13:25:58Z,53.216728,6.576458
21153879,879487,2023-01-02T22:00:03Z,2023-01-02T22:11:45Z,51.927625,4.439619
21164181,328440,2023-01-03T18:52:08Z,2023-01-03T19:03:27Z,52.384089,4.902837
21144166,900444,2023-01-02T03:15:16Z,2023-01-02T03:23:56Z,52.370028,4.919597
21176609,1021714,2023-01-04T21:21:00Z,2023-01-04T21:34:40Z,52.372272,4.838031
21177000,1331723,2023-01-04T21:28:18Z,2023-01-04T22:15:51Z,52.523356,13.367814
21148098,1025054,2023-01-02T13:40:21Z,2023-01-02T13:51:43Z,52.378409,4.847211
21177972,224345,2023-01-04T16:07:44Z,2023-01-04T16:17:44Z,52.333752,4.862218
21165659,7,2023-01-03T21:33:42Z,2023-01-03T21:33:49Z,51.251282,6.822015
21177707,391027,2023-01-04T21:53:04Z,2023-01-04T22:03:04Z,52.106433,4.279771
21160484,529973,2023-01-03T14:46:21Z,2023-01-03T14:54:58Z,52.370725,4.61419
21167319,399011,2023-01-04T01:13:09Z,2023-01-04T01:24:27Z,52.042404,4.320464
21165912,957922,2023-01-03T22:11:26Z,2023-01-03T22:29:11Z,50.834067,4.365276
21151530,1330197,2023-01-02T17:48:44Z,2023-01-02T17:56:36Z,53.551974,9.944062
21168716,1048726,2023-01-04T09:29:34Z,2023-01-04T09:39:18Z,50.755582,6.095373
21158735,678088,2023-01-03T12:17:41Z,2023-01-03T12:36:09Z,52.378062,4.906836
21164961,1327537,2023-01-03T20:13:40Z,2023-01-03T20:34:30Z,52.075688,4.307055
21174959,61236,2023-01-04T18:40:43Z,2023-01-04T18:49:09Z,52.354517,4.909515
21173986,1150022,2023-01-04T17:33:15Z,2023-01-04T18:03:25Z,51.916225,4.490218
21176499,186270,2023-01-04T21:13:08Z,2023-01-04T21:28:57Z,51.911158,4.477027
21160239,1331128,2023-01-03T14:10:09Z,2023-01-03T14:18:53Z,51.569565,4.787099
21162963,951349,2023-01-03T17:19:57Z,2023-01-03T17:34:15Z,53.21235,6.56027
21160514,635612,2023-01-03T14:47:55Z,2023-01-03T14:49:57Z,52.209374,6.908602
21176237,1276045,2023-01-04T20:45:05Z,2023-01-04T20:49:24Z,51.95149,4.5515
21156697,853046,2023-01-03T08:17:07Z,2023-01-03T08:20:46Z,52.506818,13.303754
21144524,899775,2023-01-02T06:45:53Z,2023-01-02T07:01:48Z,52.355113,4.92386
21178210,261812,2023-01-04T09:24:24Z,2023-01-04T09:34:24Z,52.35585,4.916449
21147418,913024,2023-01-02T12:27:42Z,2023-01-02T12:44:53Z,52.07488,4.30731
21168821,1330621,2023-01-04T09:46:22Z,2023-01-04T10:00:56Z,52.384072,4.856587
21154607,645326,2023-01-02T19:12:33Z,2023-01-02T19:22:33Z,52.357257,4.892849
21162564,424807,2023-01-03T16:53:47Z,2023-01-03T17:17:23Z,51.934947,4.481852
21147593,109304,2023-01-02T12:51:55Z,2023-01-02T12:57:19Z,52.081635,4.342787
21162395,826569,2023-01-03T16:48:04Z,2023-01-03T17:07:40Z,51.443358,5.478073
21165858,215138,2023-01-03T21:59:56Z,2023-01-03T22:09:56Z,52.08246,4.29411
21172157,642431,2023-01-04T15:43:39Z,2023-01-04T15:52:00Z,51.927363,4.458718
21152345,266866,2023-01-02T18:54:52Z,2023-01-02T19:17:15Z,50.822644,4.375012
21144487,142374,2023-01-02T06:34:20Z,2023-01-02T06:55:10Z,52.079508,4.38642
21147635,914822,2023-01-02T12:55:44Z,2023-01-02T13:08:29Z,50.775968,6.04466
21174261,726339,2023-01-04T17:48:47Z,2023-01-04T17:54:38Z,52.357055,4.916192
21177343,1086881,2023-01-04T23:04:27Z,2023-01-04T23:10:51Z,52.222647,6.892365
21176016,572023,2023-01-04T20:29:27Z,2023-01-04T20:39:18Z,51.69826,5.339887
21152774,1330289,2023-01-02T19:33:11Z,2023-01-02T19:33:16Z,51.91538,4.4983
21146793,283020,2023-01-02T11:35:51Z,2023-01-02T12:02:58Z,53.228665,6.569025
21165556,1225120,2023-01-03T21:21:41Z,2023-01-03T21:25:15Z,51.540268,5.082112
21144658,95798,2023-01-02T07:08:42Z,2023-01-02T07:20:04Z,51.907518,4.44493
21171189,794112,2023-01-04T14:28:39Z,2023-01-04T14:33:03Z,51.822254,5.844823
21174140,14079,2023-01-04T17:37:36Z,2023-01-04T18:03:57Z,52.37845,4.851108
21160301,1330425,2023-01-03T14:31:20Z,2023-01-03T15:09:16Z,52.375969,4.893215
21160051,254031,2023-01-03T14:07:43Z,2023-01-03T14:23:55Z,52.36069,4.86508
21175077,675362,2023-01-04T18:53:53Z,2023-01-04T19:05:36Z,52.081903,4.31947
21152338,1187195,2023-01-02T18:47:18Z,2023-01-02T19:15:46Z,52.344095,4.859399
21170158,1167759,2023-01-04T12:47:17Z,2023-01-04T12:56:58Z,50.797262,6.063062
21177698,231941,2023-01-04T22:07:05Z,2023-01-04T22:17:05Z,52.372468,4.888663
21171179,1002055,2023-01-04T14:21:25Z,2023-01-04T14:36:47Z,52.377807,4.637751
21175144,1321833,2023-01-04T19:00:01Z,2023-01-04T19:08:26Z,52.353605,4.931097
21170125,814285,2023-01-04T12:39:09Z,2023-01-04T13:21:05Z,52.089666,4.377763
21167683,554804,2023-01-04T06:34:49Z,2023-01-04T06:37:18Z,51.919157,4.446947
21165921,1324970,2023-01-03T22:12:41Z,2023-01-03T22:20:16Z,51.924776,4.47315
21150118,65845,2023-01-02T16:11:21Z,2023-01-02T16:36:09Z,51.921053,4.479749
21174639,636083,2023-01-04T18:16:56Z,2023-01-04T19:18:40Z,51.960245,4.469932
21158326,1320666,2023-01-03T11:36:32Z,2023-01-03T11:39:14Z,51.559729,5.078033
21161811,1192166,2023-01-03T16:12:35Z,2023-01-03T16:34:16Z,52.385823,4.928283
21144908,8600,2023-01-02T07:43:54Z,2023-01-02T07:50:21Z,51.922457,4.470046
21165794,37095,2023-01-03T21:55:43Z,2023-01-03T22:01:45Z,51.923306,4.490433
21153529,954003,2023-01-02T21:06:49Z,2023-01-02T21:21:36Z,52.19127,6.87879
21177918,368903,2023-01-04T16:55:16Z,2023-01-04T17:05:16Z,52.341191,4.902925
21144031,950824,2023-01-02T00:57:36Z,2023-01-02T00:57:48Z,51.923314,4.471665
21147453,703162,2023-01-02T12:31:48Z,2023-01-02T12:54:05Z,51.88804,4.46199
21174750,1118271,2023-01-04T18:23:52Z,2023-01-04T18:30:33Z,51.707292,5.309577
21152101,65710,2023-01-02T18:32:00Z,2023-01-02T18:41:13Z,52.357387,4.832943
21160851,967979,2023-01-03T15:11:47Z,2023-01-03T15:24:18Z,51.913685,4.486037
21167551,1130983,2023-01-04T05:41:37Z,2023-01-04T05:57:27Z,51.902251,4.486516
21149060,932258,2023-01-02T15:02:08Z,2023-01-02T15:08:38Z,52.23241,6.897842
21176338,175628,2023-01-04T20:57:35Z,2023-01-04T21:06:16Z,51.911485,4.391335
21162298,674713,2023-01-03T16:34:27Z,2023-01-03T16:44:26Z,51.886919,4.497316
21158868,43759,2023-01-03T12:27:38Z,2023-01-03T12:32:35Z,52.371012,4.862432
21157991,1020469,2023-01-03T11:03:16Z,2023-01-03T11:08:05Z,50.769714,6.042793
21166347,385264,2023-01-03T23:17:13Z,2023-01-03T23:55:40Z,52.374524,4.873314
21153513,1260511,2023-01-02T21:04:45Z,2023-01-02T21:09:18Z,51.691682,5.3175
21160843,892776,2023-01-03T15:09:39Z,2023-01-03T15:22:05Z,51.932867,4.472182
21157087,583711,2023-01-03T09:06:25Z,2023-01-03T09:11:42Z,51.91245,4.448889
21168890,670238,2023-01-04T09:58:07Z,2023-01-04T10:04:57Z,51.443755,5.464249
21155906,899775,2023-01-03T06:38:20Z,2023-01-03T06:55:19Z,52.354164,4.923641
21174303,1263469,2023-01-04T17:49:45Z,2023-01-04T18:03:41Z,52.37757,4.89528
21144216,698825,2023-01-02T04:34:03Z,2023-01-02T04:44:56Z,51.892831,4.497486
21174742,395395,2023-01-04T18:24:27Z,2023-01-04T18:31:19Z,51.923374,4.471515
21173637,403497,2023-01-04T17:02:52Z,2023-01-04T17:20:09Z,51.918389,4.417946
21150679,3045,2023-01-02T16:44:42Z,2023-01-02T17:21:27Z,52.361108,4.884588
21171219,1331482,2023-01-04T14:31:00Z,2023-01-04T14:45:38Z,51.830536,5.857504
21176941,167543,2023-01-04T22:09:52Z,2023-01-04T22:18:34Z,52.095431,4.261512
21178038,213826,2023-01-04T14:51:35Z,2023-01-04T15:01:35Z,52.05509,4.238218
21146981,1009430,2023-01-02T11:52:09Z,2023-01-02T12:05:16Z,53.231572,6.577878
21177733,613672,2023-01-04T21:17:27Z,2023-01-04T21:27:27Z,51.441951,5.477544
21176470,23988,2023-01-04T21:15:03Z,2023-01-04T21:30:49Z,51.961314,4.495399
21146324,81344,2023-01-02T10:50:32Z,2023-01-02T10:52:23Z,52.083883,4.303821
21160855,1090867,2023-01-03T15:14:46Z,2023-01-03T15:24:37Z,52.52625,6.081709
21144969,1085926,2023-01-02T07:50:41Z,2023-01-02T08:02:43Z,51.943906,4.482092
21176504,905893,2023-01-04T21:11:52Z,2023-01-04T21:28:33Z,52.378863,4.639775
21148353,648633,2023-01-02T14:05:08Z,2023-01-02T14:05:36Z,51.44067,5.47506
21169970,1328698,2023-01-04T12:25:26Z,2023-01-04T12:28:30Z,52.353652,4.888074
21159549,683505,2023-01-03T13:29:25Z,2023-01-03T13:37:35Z,52.504416,13.472657
21149111,1309806,2023-01-02T14:58:50Z,2023-01-02T15:16:22Z,51.921733,4.453553
21153373,546909,2023-01-02T20:46:47Z,2023-01-02T20:55:35Z,51.921564,4.472509
21148609,54710,2023-01-02T14:26:27Z,2023-01-02T14:30:55Z,51.932773,4.479869
21159750,677088,2023-01-03T13:45:00Z,2023-01-03T13:52:07Z,52.067778,4.348759
21165313,569130,2023-01-03T20:51:41Z,2023-01-03T21:01:53Z,51.914783,4.403007
21155663,336762,2023-01-03T05:33:04Z,2023-01-03T05:36:05Z,51.920474,4.510994
21145419,1150982,2023-01-02T08:51:01Z,2023-01-02T08:59:45Z,53.587716,10.034285
21149983,1230323,2023-01-02T16:03:31Z,2023-01-02T16:18:10Z,51.9161,4.47317
21165790,1274639,2023-01-03T21:55:16Z,2023-01-03T22:01:39Z,51.83989,5.859066
21146135,395363,2023-01-02T10:28:36Z,2023-01-02T10:48:11Z,52.35021,4.909491
21167577,962974,2023-01-04T05:55:27Z,2023-01-04T06:07:45Z,52.077101,4.283072
21167744,669830,2023-01-04T06:49:55Z,2023-01-04T07:01:45Z,53.567823,9.987375
21152016,15464,2023-01-02T17:43:52Z,2023-01-02T18:28:15Z,51.946073,4.449887
21149040,1140633,2023-01-02T14:56:49Z,2023-01-02T15:16:57Z,52.360678,4.88837
21151068,295225,2023-01-02T17:11:44Z,2023-01-03T00:01:04Z,52.076708,4.284359
21175120,1306546,2023-01-04T18:55:14Z,2023-01-04T18:57:10Z,51.577305,4.739235
21155301,1105425,2023-01-03T00:11:33Z,2023-01-03T00:11:35Z,52.529828,13.456221
21174667,1321833,2023-01-04T18:17:22Z,2023-01-04T18:26:26Z,52.340343,4.961709
21164384,1093287,2023-01-03T19:13:48Z,2023-01-03T19:20:39Z,52.511201,6.113082
21165129,883979,2023-01-03T20:31:15Z,2023-01-03T20:42:23Z,51.917393,4.464673
21168516,561757,2023-01-04T08:50:36Z,2023-01-04T08:50:49Z,51.91413,4.4574
21175251,421901,2023-01-04T19:11:38Z,2023-01-04T19:25:27Z,51.914899,4.486315
21172631,203678,2023-01-04T16:14:14Z,2023-01-04T16:28:14Z,51.92403,4.47329
21177809,636413,2023-01-04T18:55:18Z,2023-01-04T19:05:18Z,51.918908,4.511564
21170383,886611,2023-01-04T13:12:57Z,2023-01-04T13:22:58Z,51.90089,4.50594
21162025,356385,2023-01-03T16:27:56Z,2023-01-03T16:57:10Z,52.311402,4.846928
21174200,568430,2023-01-04T17:42:28Z,2023-01-04T18:01:38Z,52.39126,4.61526
21178274,693220,2023-01-04T08:00:48Z,2023-01-04T08:10:48Z,52.322863,4.936312
21171596,1305489,2023-01-04T15:02:32Z,2023-01-04T15:09:50Z,51.584085,4.796103
21162569,812652,2023-01-03T16:57:48Z,2023-01-03T17:05:26Z,51.451027,5.471707
21146243,1330458,2023-01-02T10:45:30Z,2023-01-02T11:01:24Z,52.370112,4.919633
21164556,350115,2023-01-03T19:25:52Z,2023-01-03T19:46:13Z,52.357672,4.915551
21176642,1184544,2023-01-04T21:32:48Z,2023-01-04T21:33:22Z,52.46765,13.4686
21177395,1300199,2023-01-04T23:12:24Z,2023-01-04T23:32:42Z,52.35799,4.8933
21164177,1298629,2023-01-03T18:54:33Z,2023-01-03T19:16:05Z,51.57457,4.805678
21150464,320053,2023-01-02T16:33:15Z,2023-01-02T16:36:49Z,52.401379,4.544247
21155733,932505,2023-01-03T05:59:14Z,2023-01-03T06:12:11Z,50.777219,6.060891
21177836,40185,2023-01-04T18:13:17Z,2023-01-04T18:43:17Z,51.9225,4.49266
21167544,168434,2023-01-04T05:38:30Z,2023-01-04T05:51:33Z,51.935082,4.461277
21148313,706166,2023-01-02T14:02:32Z,2023-01-02T14:05:34Z,52.367155,4.894478
21166025,1292508,2023-01-03T22:25:16Z,2023-01-03T22:34:47Z,51.688258,5.322127
21157755,1055337,2023-01-03T10:38:04Z,2023-01-03T11:04:54Z,52.508237,6.091115
21148137,1141246,2023-01-02T13:46:27Z,2023-01-02T13:50:09Z,52.36349,4.9357
21148862,1244482,2023-01-02T14:47:20Z,2023-01-02T14:52:05Z,51.911619,4.500955
21177400,1175348,2023-01-04T23:16:51Z,2023-01-04T23:27:51Z,51.97571,4.460028
21152205,1173308,2023-01-02T18:33:37Z,2023-01-02T18:52:26Z,50.773405,6.084041
21171550,823120,2023-01-04T14:53:47Z,2023-01-04T15:06:47Z,52.379548,4.633468
21149087,1267223,2023-01-02T15:03:11Z,2023-01-02T15:15:27Z,51.917367,4.477791
21155446,46404,2023-01-03T01:24:27Z,2023-01-03T01:27:32Z,51.924078,4.477243
21146717,137082,2023-01-02T11:30:08Z,2023-01-02T11:36:07Z,52.347764,4.896862
21151392,1126469,2023-01-02T17:41:35Z,2023-01-02T17:44:45Z,52.51167,6.09262
21160130,802738,2023-01-03T14:14:11Z,2023-01-03T14:21:31Z,51.443383,5.477905
21166120,1306454,2023-01-03T22:43:48Z,2023-01-03T22:54:29Z,51.424468,5.485781
21160862,677715,2023-01-03T15:15:17Z,2023-01-03T16:57:00Z,51.92586,4.476643
21147918,1330164,2023-01-02T13:26:12Z,2023-01-02T13:39:47Z,52.394625,4.850595
21158180,1048590,2023-01-03T11:23:14Z,2023-01-03T11:23:40Z,53.216993,6.574873
21161403,1805,2023-01-03T15:41:09Z,2023-01-03T16:03:52Z,52.35868,4.91714
21151784,1330634,2023-01-02T18:00:48Z,2023-01-02T18:10:48Z,51.918289,4.418462
21155370,192390,2023-01-03T00:48:46Z,2023-01-03T00:59:55Z,50.827248,4.371859
21155790,723433,2023-01-03T06:05:25Z,2023-01-03T06:22:33Z,51.93306,4.46683
21166169,841979,2023-01-03T22:57:15Z,2023-01-03T23:09:59Z,51.89686,4.523548
21151303,961480,2023-01-02T17:25:43Z,2023-01-02T17:33:08Z,53.22224,6.568263
21146581,739866,2023-01-02T11:12:26Z,2023-01-02T11:28:59Z,51.91914,4.419233
21154624,40474,2023-01-02T18:46:38Z,2023-01-02T19:16:38Z,52.404239,4.887914
21165164,808295,2023-01-03T20:29:56Z,2023-01-03T20:37:00Z,52.059183,4.279282
21160631,1306258,2023-01-03T14:58:21Z,2023-01-03T15:15:29Z,52.378108,4.907253
21161061,704779,2023-01-03T15:22:18Z,2023-01-03T15:34:43Z,51.926005,4.48207
21146164,184601,2023-01-02T10:38:00Z,2023-01-02T10:45:06Z,52.067942,4.284178
21173483,1284557,2023-01-04T17:02:36Z,2023-01-04T17:07:44Z,52.510528,13.286122
21160282,1247134,2023-01-03T14:27:49Z,2023-01-03T14:31:09Z,51.883867,4.460985
21170692,848328,2023-01-04T13:37:24Z,2023-01-04T14:03:35Z,52.345904,4.919467
21173377,702614,2023-01-04T16:53:20Z,2023-01-04T17:06:16Z,52.082354,4.294124
21154154,267080,2023-01-02T22:46:08Z,2023-01-02T22:53:25Z,52.388328,4.840081
21156900,53983,2023-01-03T08:43:25Z,2023-01-03T08:54:05Z,52.331891,4.889301
21165343,1078559,2023-01-03T20:56:55Z,2023-01-03T21:06:46Z,51.692357,5.323843
21170965,592474,2023-01-04T13:59:53Z,2023-01-04T14:21:26Z,51.931852,4.5004
21169736,83276,2023-01-04T11:57:24Z,2023-01-04T12:06:44Z,51.917505,4.515095
21159449,1120718,2023-01-03T13:19:30Z,2023-01-03T13:22:55Z,52.08049,4.31027
21152902,1330506,2023-01-02T19:47:29Z,2023-01-02T19:54:27Z,52.33858,4.857061
21173794,243299,2023-01-04T17:21:15Z,2023-01-04T17:33:26Z,52.391896,4.615245
21162384,198869,2023-01-03T16:45:03Z,2023-01-03T16:52:44Z,51.918654,4.489162
21177651,600883,2023-01-04T23:56:52Z,2023-01-05T00:17:32Z,51.915513,4.476064
21155767,652021,2023-01-03T06:03:02Z,2023-01-03T06:12:48Z,52.053763,4.270404
21156887,1049409,2023-01-03T08:38:45Z,2023-01-03T08:47:50Z,51.934356,4.464793
21150064,922108,2023-01-02T16:06:53Z,2023-01-02T16:19:08Z,51.43251,5.4533
21175230,204924,2023-01-04T19:04:10Z,2023-01-04T19:18:34Z,51.921881,4.459196
21165695,19601,2023-01-03T21:40:07Z,2023-01-03T21:47:02Z,51.908518,4.478752
21169802,6393,2023-01-04T12:05:00Z,2023-01-04T12:15:28Z,52.366204,4.880316
21170782,217218,2023-01-04T13:44:31Z,2023-01-04T13:59:54Z,51.92344,4.4715
21170345,1267472,2023-01-04T13:07:41Z,2023-01-04T13:12:52Z,52.143349,4.392757
21174146,1331314,2023-01-04T17:43:48Z,2023-01-04T18:01:31Z,52.378792,4.894248
21146290,141950,2023-01-02T10:49:29Z,2023-01-02T10:56:12Z,52.076784,4.28326
21168051,665553,2023-01-04T07:42:35Z,2023-01-04T08:02:16Z,52.36329,4.930122
21173099,1002297,2023-01-04T16:35:31Z,2023-01-04T16:45:51Z,52.111788,4.28791
21168406,1218829,2023-01-04T08:35:28Z,2023-01-04T08:40:19Z,51.560145,5.104193
21168382,258185,2023-01-04T08:22:54Z,2023-01-04T08:39:57Z,53.216168,6.55777
21178097,1331497,2023-01-04T13:13:21Z,2023-01-04T13:18:56Z,51.476799,5.550986
21157201,12254,2023-01-03T09:18:08Z,2023-01-03T09:31:20Z,52.37082,4.86387
21155246,215279,2023-01-02T02:26:45Z,2023-01-02T02:36:45Z,52.333138,4.914033
21158806,948629,2023-01-03T12:24:23Z,2023-01-03T12:37:14Z,50.78506,6.065925
21160319,928602,2023-01-03T14:32:09Z,2023-01-03T14:43:34Z,52.07772,4.31533
21153585,929547,2023-01-02T21:13:52Z,2023-01-02T21:18:23Z,51.920417,4.474514
21175410,1259379,2023-01-04T19:18:55Z,2023-01-04T19:32:36Z,51.89095,4.4802
21154249,962621,2023-01-02T23:00:30Z,2023-01-02T23:06:50Z,51.562295,5.091005
21166450,628231,2023-01-03T23:01:19Z,2023-01-03T23:11:19Z,51.692969,5.297442
21147237,1187014,2023-01-02T12:14:15Z,2023-01-02T12:20:45Z,52.490534,13.451766
21154657,225575,2023-01-02T18:14:15Z,2023-01-02T18:24:15Z,52.37392,4.884594
21149470,837521,2023-01-02T15:37:48Z,2023-01-02T15:47:15Z,52.382445,4.856058
21165534,650298,2023-01-03T21:18:33Z,2023-01-03T21:29:13Z,51.427248,5.464815
21154709,155526,2023-01-02T17:18:03Z,2023-01-02T17:28:03Z,51.923559,4.479157
21152344,221956,2023-01-02T18:52:30Z,2023-01-02T19:01:42Z,52.057103,4.260751
21171988,850971,2023-01-04T15:30:14Z,2023-01-04T15:42:56Z,52.362177,4.897923
21161611,353863,2023-01-03T16:02:04Z,2023-01-03T16:03:26Z,51.916612,4.39436
21156152,1330034,2023-01-03T07:17:46Z,2023-01-03T13:06:45Z,52.354182,4.81156
21163000,20553,2023-01-03T17:24:47Z,2023-01-03T17:33:18Z,51.92484,4.472371
21173363,1331352,2023-01-04T16:46:14Z,2023-01-04T16:55:47Z,51.91697,4.477135
21147655,932135,2023-01-02T12:57:24Z,2023-01-02T13:07:10Z,50.849186,4.363744
21170403,161514,2023-01-04T13:14:15Z,2023-01-04T13:14:57Z,52.355391,4.870939
21154625,707050,2023-01-02T18:46:20Z,2023-01-02T18:56:20Z,52.36302,4.85451
21158707,1330476,2023-01-03T12:14:06Z,2023-01-03T12:14:39Z,52.372582,4.901422
21156862,1220268,2023-01-03T08:34:25Z,2023-01-03T08:43:15Z,51.550774,5.069471
21152987,1275358,2023-01-02T19:57:31Z,2023-01-02T20:03:10Z,52.383963,4.604973
21173951,766221,2023-01-04T17:31:25Z,2023-01-04T17:46:20Z,53.584423,9.971401
21165985,303052,2023-01-03T22:23:13Z,2023-01-03T22:24:45Z,51.92117,4.472154
21155986,1330391,2023-01-03T06:55:28Z,2023-01-03T06:55:37Z,51.913897,4.446566
21170977,222943,2023-01-04T14:10:10Z,2023-01-04T14:17:16Z,51.92355,4.47318
21154013,1277556,2023-01-02T22:13:13Z,2023-01-02T22:22:39Z,53.211975,6.560122
21151162,1272319,2023-01-02T17:16:49Z,2023-01-02T17:34:55Z,52.099525,4.278549
21166002,1309806,2023-01-03T22:26:00Z,2023-01-03T22:27:38Z,51.920021,4.45472
21174094,1160543,2023-01-04T17:40:44Z,2023-01-04T17:41:29Z,51.91662,4.476864
21162332,1258364,2023-01-03T16:46:19Z,2023-01-03T17:41:33Z,52.331965,4.889487
21144900,90146,2023-01-02T07:38:40Z,2023-01-02T08:02:10Z,51.933715,4.471207
21161035,58955,2023-01-03T15:26:39Z,2023-01-03T15:26:54Z,51.918147,4.480499
21169608,398491,2023-01-04T11:43:16Z,2023-01-04T11:56:05Z,51.437655,5.476264
21148441,1330506,2023-01-02T14:14:28Z,2023-01-02T14:18:08Z,52.34128,4.853226
21152195,897200,2023-01-02T18:34:47Z,2023-01-02T18:42:29Z,50.84619,4.358639
21167055,71957,2023-01-03T08:16:54Z,2023-01-03T08:26:54Z,51.9214,4.507088
21148241,398099,2023-01-02T13:56:20Z,2023-01-02T15:34:24Z,52.38369,4.628397
21161043,38811,2023-01-03T15:24:00Z,2023-01-03T16:00:00Z,51.923889,4.467123
21157631,68938,2023-01-03T10:16:41Z,2023-01-03T10:33:10Z,52.363977,4.872523
21149101,848164,2023-01-02T14:59:43Z,2023-01-02T15:18:05Z,52.374624,4.827673
21164108,274068,2023-01-03T18:47:47Z,2023-01-03T18:59:39Z,51.921003,4.499108
21146926,739866,2023-01-02T11:49:53Z,2023-01-02T11:57:25Z,51.91914,4.48228
21162527,191750,2023-01-03T16:57:42Z,2023-01-03T17:14:17Z,52.528151,13.408979
21173693,385739,2023-01-04T17:10:21Z,2023-01-04T17:21:31Z,52.379241,4.657913
21169527,1331428,2023-01-04T11:32:33Z,2023-01-04T12:12:22Z,53.220852,6.574476
21166272,992637,2023-01-03T23:19:26Z,2023-01-03T23:22:52Z,52.383468,4.630256
21144039,1315794,2023-01-02T01:06:38Z,2023-01-02T01:35:35Z,52.37091,4.898435
21174877,27567,2023-01-04T18:35:05Z,2023-01-04T18:47:25Z,51.928476,4.464789
21166172,556664,2023-01-03T22:49:22Z,2023-01-03T23:07:06Z,53.229107,6.566871
21154732,686007,2023-01-02T16:53:03Z,2023-01-02T17:03:03Z,52.51551,13.454466
21158741,1330811,2023-01-03T12:18:15Z,2023-01-03T12:23:28Z,52.383529,4.630276
21163002,1331229,2023-01-03T17:05:13Z,2023-01-03T17:38:32Z,50.846487,4.356867
21164660,76276,2023-01-03T19:24:48Z,2023-01-03T19:34:48Z,52.082704,4.294166
21166288,916289,2023-01-03T23:25:46Z,2023-01-03T23:28:10Z,52.37422,4.884565
21170250,605419,2023-01-04T12:51:44Z,2023-01-04T13:03:32Z,52.35178,4.88936
21162051,226246,2023-01-03T16:19:14Z,2023-01-03T16:42:19Z,52.075302,4.306566
21158230,922949,2023-01-03T11:25:31Z,2023-01-03T11:36:08Z,52.203293,6.878805
21170528,1111727,2023-01-04T13:28:51Z,2023-01-04T14:04:18Z,52.383907,4.916347
21163954,27471,2023-01-03T18:34:48Z,2023-01-03T18:40:50Z,52.348489,4.877403
21149305,427549,2023-01-02T15:23:52Z,2023-01-02T15:29:25Z,51.693136,5.279834
21162237,21455,2023-01-03T16:37:19Z,2023-01-03T16:55:38Z,52.35456,4.872418
21152708,1330274,2023-01-02T19:25:50Z,2023-01-02T19:30:47Z,51.839023,5.85182
21147939,161527,2023-01-02T13:19:19Z,2023-01-02T13:39:51Z,51.915673,4.41964
21174705,372104,2023-01-04T18:21:55Z,2023-01-04T18:29:05Z,51.907342,4.490028
21164912,1133935,2023-01-03T20:09:14Z,2023-01-03T20:26:05Z,51.442843,5.472427
21154690,374065,2023-01-02T17:39:56Z,2023-01-02T17:49:56Z,51.44736,5.45907
21147351,374894,2023-01-02T12:23:16Z,2023-01-02T12:27:33Z,52.345899,4.905412
21158951,784921,2023-01-03T12:36:57Z,2023-01-03T12:52:21Z,53.217101,6.574699
21151250,1026703,2023-01-02T17:29:00Z,2023-01-02T17:29:58Z,52.391269,4.607324
21172172,294275,2023-01-04T15:45:39Z,2023-01-04T15:47:33Z,51.45122,5.46515
21157075,1096180,2023-01-03T09:00:03Z,2023-01-03T09:18:34Z,52.531167,13.430451
21176986,157475,2023-01-04T22:14:02Z,2023-01-04T22:18:45Z,52.054518,4.320192
21151452,1145878,2023-01-02T17:43:21Z,2023-01-02T17:55:36Z,52.358917,4.909668
21174589,737738,2023-01-04T18:13:04Z,2023-01-04T18:20:14Z,52.494378,13.323809
21156782,80684,2023-01-03T08:27:47Z,2023-01-03T09:05:01Z,52.343841,4.905911
21156692,824251,2023-01-03T08:16:37Z,2023-01-03T08:26:29Z,53.215933,6.556456
21175759,926069,2023-01-04T20:02:32Z,2023-01-04T20:17:50Z,51.441873,5.409188
21176150,760030,2023-01-04T20:38:19Z,2023-01-04T20:46:51Z,51.927641,4.476378
21147401,1257579,2023-01-02T12:31:13Z,2023-01-02T12:36:30Z,51.892397,4.51645
21157572,150546,2023-01-03T10:12:58Z,2023-01-03T10:33:45Z,51.915602,4.459738
21165940,916178,2023-01-03T22:10:41Z,2023-01-03T22:42:25Z,52.069232,4.281583
21174095,5610,2023-01-04T17:38:14Z,2023-01-04T17:48:33Z,52.354883,4.868529
21144102,656510,2023-01-02T01:56:57Z,2023-01-02T02:23:18Z,51.447288,5.458784
21154233,1075534,2023-01-02T22:56:55Z,2023-01-02T23:17:47Z,52.077171,4.261251
21171055,1112854,2023-01-04T14:07:58Z,2023-01-04T14:30:43Z,52.511187,6.114497
21154143,1030829,2023-01-02T22:43:50Z,2023-01-02T22:48:45Z,52.101288,4.262442
21166334,23988,2023-01-03T23:34:11Z,2023-01-03T23:40:44Z,51.924558,4.48156
21170812,860331,2023-01-04T13:54:07Z,2023-01-04T14:03:27Z,52.36172,4.882343
21156069,587994,2023-01-03T07:07:11Z,2023-01-03T07:15:11Z,52.07954,4.348139
21167229,939376,2023-01-04T00:24:45Z,2023-01-04T00:34:54Z,50.779221,6.088629
21144802,1313025,2023-01-02T07:30:55Z,2023-01-02T07:38:22Z,52.377927,4.909833
21155431,285291,2023-01-03T01:18:17Z,2023-01-03T01:38:04Z,51.922529,4.483347
21148505,629968,2023-01-02T14:19:33Z,2023-01-02T14:26:31Z,51.920752,4.526723
21145872,38947,2023-01-02T09:49:55Z,2023-01-02T10:09:59Z,51.943625,4.40903
21160046,129445,2023-01-03T14:08:10Z,2023-01-03T14:34:23Z,51.910728,4.47982
21168813,765727,2023-01-04T09:44:57Z,2023-01-04T10:01:21Z,53.233723,6.572034
21169831,201163,2023-01-04T12:09:03Z,2023-01-04T12:13:29Z,51.92368,4.47489
21157217,208242,2023-01-03T09:21:04Z,2023-01-03T09:41:37Z,52.354925,4.898892
21154267,1305785,2023-01-02T23:06:48Z,2023-01-02T23:17:20Z,52.364522,4.599902
21163974,998940,2023-01-03T18:37:16Z,2023-01-03T18:46:35Z,52.206051,6.901282
21151031,1327788,2023-01-02T17:03:17Z,2023-01-02T17:38:03Z,52.331824,4.8756
21173450,1331567,2023-01-04T17:00:22Z,2023-01-04T17:29:02Z,52.367096,4.897093
21144599,263619,2023-01-02T06:56:10Z,2023-01-02T07:01:44Z,51.93342,4.46439
21151037,1328907,2023-01-02T17:11:50Z,2023-01-02T17:13:05Z,52.068403,4.298859
21147116,236652,2023-01-02T11:57:51Z,2023-01-02T12:09:50Z,53.238669,6.538785
21168057,842101,2023-01-04T07:43:01Z,2023-01-04T08:00:05Z,51.907321,4.477938
21165596,1094403,2023-01-03T21:25:49Z,2023-01-03T21:33:09Z,51.91037,4.47858
21148401,1052762,2023-01-02T14:09:16Z,2023-01-02T14:09:20Z,52.5633,13.408877
21156368,254138,2023-01-03T07:35:17Z,2023-01-03T07:42:33Z,52.371132,4.862451
21151198,801217,2023-01-02T17:25:28Z,2023-01-02T17:31:54Z,52.373878,4.88324
21169856,305326,2023-01-04T12:12:17Z,2023-01-04T12:22:03Z,52.379844,4.886646
21160714,1330926,2023-01-03T15:05:17Z,2023-01-03T15:05:20Z,52.36849,4.86812
21154113,903209,2023-01-02T22:34:06Z,2023-01-02T22:55:50Z,52.386772,4.881509
21157787,1246853,2023-01-03T10:41:16Z,2023-01-03T10:51:48Z,52.091114,4.305647
21162839,388246,2023-01-03T17:14:43Z,2023-01-03T17:16:05Z,51.950787,4.55207
21155186,1012872,2023-01-02T07:21:46Z,2023-01-02T07:31:46Z,52.055266,4.312149
21163033,74724,2023-01-03T17:27:36Z,2023-01-03T17:33:40Z,51.911184,4.477596
21174336,833003,2023-01-04T17:49:35Z,2023-01-04T18:03:43Z,52.36549,4.8785
21153072,1044154,2023-01-02T20:03:25Z,2023-01-02T20:14:03Z,52.3101,4.670893
21167108,225241,2023-01-03T07:22:32Z,2023-01-03T07:32:32Z,51.925512,4.50092
21178152,1115776,2023-01-04T11:32:28Z,2023-01-04T11:42:28Z,52.523009,6.089951
21144660,1330436,2023-01-02T07:06:48Z,2023-01-02T07:20:57Z,52.507705,13.298992
21155359,836583,2023-01-03T00:43:22Z,2023-01-03T01:10:25Z,52.361804,4.882174
21164256,57998,2023-01-03T19:00:58Z,2023-01-03T19:09:48Z,51.91858,4.48471
21175002,119522,2023-01-04T18:47:05Z,2023-01-04T18:54:25Z,52.357282,4.906796
21170640,317961,2023-01-04T13:36:28Z,2023-01-04T13:54:22Z,52.366071,4.869662
21156896,1044670,2023-01-03T08:34:12Z,2023-01-03T08:50:45Z,52.351335,4.6552
21170603,1331328,2023-01-04T13:36:48Z,2023-01-04T13:56:51Z,52.521633,13.4105
21150769,252629,2023-01-02T16:55:19Z,2023-01-02T17:12:39Z,52.372458,4.890297
21160158,753900,2023-01-03T14:18:26Z,2023-01-03T14:28:26Z,52.355326,4.877841
21171245,158066,2023-01-04T14:30:58Z,2023-01-04T14:55:43Z,53.210818,6.559982
21160732,1325834,2023-01-03T15:05:28Z,2023-01-03T15:10:51Z,51.922126,4.471532
21167232,818627,2023-01-04T00:20:37Z,2023-01-04T00:34:59Z,52.073806,4.304036
21169596,583633,2023-01-04T11:37:25Z,2023-01-04T11:54:09Z,52.378916,4.894419
21146656,379065,2023-01-02T11:20:46Z,2023-01-02T11:32:31Z,51.438436,5.474179
21149618,1022303,2023-01-02T15:40:15Z,2023-01-02T15:57:08Z,52.510688,13.479734
21153765,128464,2023-01-02T21:28:28Z,2023-01-02T21:45:57Z,52.075081,4.308181
21144808,149111,2023-01-02T07:30:12Z,2023-01-02T07:36:12Z,51.927232,4.498941
21160258,1325834,2023-01-03T14:25:28Z,2023-01-03T14:58:33Z,51.894572,4.527917
21159738,1057144,2023-01-03T13:44:36Z,2023-01-03T13:55:04Z,52.528763,6.102545
21152252,542898,2023-01-02T18:47:28Z,2023-01-02T18:53:54Z,51.95906,4.49457
21150022,137082,2023-01-02T16:09:39Z,2023-01-02T17:20:03Z,52.367076,4.896368
21150131,198430,2023-01-02T16:12:34Z,2023-01-02T16:16:40Z,52.072867,4.269862
21160865,1330693,2023-01-03T15:14:37Z,2023-01-03T15:25:35Z,53.552342,9.922265
21170877,807706,2023-01-04T13:59:57Z,2023-01-04T14:12:34Z,51.912789,4.476028
21151972,1294327,2023-01-02T18:24:08Z,2023-01-02T18:43:20Z,51.430952,5.484581
21145572,1306190,2023-01-02T09:14:02Z,2023-01-02T09:28:00Z,52.061948,4.313316
21144904,1160065,2023-01-02T07:44:05Z,2023-01-02T07:58:38Z,51.911168,4.477599
21167635,401703,2023-01-04T06:23:03Z,2023-01-04T06:35:52Z,51.931225,4.457287
21176186,422448,2023-01-04T20:37:21Z,2023-01-04T20:52:56Z,52.324495,4.868624
21168895,541871,2023-01-04T09:57:50Z,2023-01-04T10:07:18Z,52.11172,4.281847
21155148,181641,2023-01-02T07:55:48Z,2023-01-02T08:05:48Z,51.921841,4.460577
21159190,332339,2023-01-03T12:53:15Z,2023-01-03T13:03:54Z,53.21572,6.551627
21149211,1313955,2023-01-02T15:06:57Z,2023-01-02T15:32:55Z,52.363383,4.599569
21151858,754772,2023-01-02T18:13:52Z,2023-01-02T18:18:05Z,52.50055,13.375367
21157378,1071630,2023-01-03T09:48:14Z,2023-01-03T10:04:47Z,52.370158,4.889116
21164535,1284013,2023-01-03T19:28:01Z,2023-01-03T19:38:11Z,52.053128,4.334381
21154424,1328219,2023-01-02T23:44:08Z,2023-01-03T00:01:45Z,52.371433,4.895413
21151682,982054,2023-01-02T18:04:07Z,2023-01-02T19:26:51Z,51.918768,4.412824
21171823,532480,2023-01-04T15:14:27Z,2023-01-04T15:45:09Z,52.352078,4.937324
21160384,704779,2023-01-03T14:38:25Z,2023-01-03T14:47:55Z,51.933898,4.50182
21157024,925167,2023-01-03T08:58:32Z,2023-01-03T08:59:39Z,52.390041,4.882887
21147315,749202,2023-01-02T12:23:11Z,2023-01-02T12:37:18Z,52.553502,13.404897
21162752,286069,2023-01-03T17:09:49Z,2023-01-03T17:23:18Z,51.918685,4.460747
21154945,1330412,2023-01-02T12:50:39Z,2023-01-02T13:00:39Z,52.51253,13.319781
21150154,655942,2023-01-02T16:16:55Z,2023-01-02T16:17:07Z,52.094402,4.264997
21176916,846100,2023-01-04T22:05:44Z,2023-01-04T22:17:20Z,52.35268,4.80236
21164437,70530,2023-01-03T19:17:47Z,2023-01-03T19:30:06Z,51.918876,4.51158
21164876,1066568,2023-01-03T20:03:14Z,2023-01-03T20:16:58Z,51.89205,4.48341
21144865,1098004,2023-01-02T07:34:14Z,2023-01-02T07:56:54Z,52.355557,4.933402
21155606,902970,2023-01-03T04:34:10Z,2023-01-03T04:50:40Z,52.045019,4.327071
21160625,1277673,2023-01-03T14:54:24Z,2023-01-03T15:11:42Z,51.87745,4.50572
21154597,389761,2023-01-02T19:26:26Z,2023-01-02T19:36:26Z,52.337824,4.8683
21175570,1331314,2023-01-04T19:43:25Z,2023-01-04T19:52:24Z,52.363936,4.885917
21149318,910679,2023-01-02T15:20:10Z,2023-01-02T15:45:45Z,52.355323,4.890069
21173758,388092,2023-01-04T17:17:07Z,2023-01-04T17:23:33Z,52.36636,4.924227
21159110,922738,2023-01-03T12:47:16Z,2023-01-03T13:03:06Z,52.386867,4.636752
21154094,575294,2023-01-02T22:35:35Z,2023-01-02T22:58:56Z,53.232882,6.574828
21176728,1214931,2023-01-04T21:43:17Z,2023-01-04T21:50:04Z,53.556979,10.02024
21155725,34303,2023-01-03T05:54:37Z,2023-01-03T06:09:57Z,51.932955,4.469885
21173718,145762,2023-01-04T17:16:28Z,2023-01-04T17:19:55Z,51.924203,4.472924
21175342,90580,2023-01-04T19:20:12Z,2023-01-04T20:16:05Z,52.047706,4.275871
21169157,1310454,2023-01-04T10:38:32Z,2023-01-04T10:44:17Z,52.37441,4.904607
21167940,104793,2023-01-04T07:23:45Z,2023-01-04T07:29:23Z,52.37556,4.92679
21165303,1204145,2023-01-03T20:44:02Z,2023-01-03T20:51:08Z,52.37085,4.85086
21177440,18166,2023-01-04T23:19:25Z,2023-01-04T23:29:59Z,51.915727,4.477737
21147715,117533,2023-01-02T13:00:08Z,2023-01-02T13:19:56Z,51.924351,4.498781
21155802,43084,2023-01-03T06:13:03Z,2023-01-03T06:30:58Z,51.937617,4.470819
21167582,1099012,2023-01-04T05:51:05Z,2023-01-04T06:06:17Z,52.358295,4.857856
21144229,658136,2023-01-02T04:42:42Z,2023-01-02T04:52:26Z,52.059757,4.324944
21149990,1330385,2023-01-02T16:02:23Z,2023-01-02T16:19:22Z,51.577522,4.781891
21159178,18513,2023-01-03T12:58:00Z,2023-01-03T13:07:06Z,51.918065,4.476785
21149730,820408,2023-01-02T15:51:05Z,2023-01-02T16:12:13Z,52.523941,13.439261
21152915,909849,2023-01-02T19:48:38Z,2023-01-02T19:57:14Z,53.202653,6.559445
21169797,65326,2023-01-04T12:05:56Z,2023-01-04T12:06:22Z,51.922685,4.50066
21169058,214641,2023-01-04T10:15:12Z,2023-01-04T10:32:32Z,51.940013,4.479323
21158609,1287195,2023-01-03T12:04:17Z,2023-01-03T12:08:49Z,50.77982,6.100002
21160795,775880,2023-01-03T15:09:41Z,2023-01-03T15:09:46Z,52.522712,13.415619
21156479,762438,2023-01-03T07:50:40Z,2023-01-03T08:05:45Z,51.421205,5.495275
21172787,137653,2023-01-04T16:18:03Z,2023-01-04T16:27:15Z,52.067197,4.246592
21172702,34761,2023-01-04T16:18:06Z,2023-01-04T16:18:31Z,51.880698,4.507514
21166320,287998,2023-01-03T23:33:00Z,2023-01-03T23:38:32Z,51.931038,4.460147
21147316,1330543,2023-01-02T12:16:43Z,2023-01-02T12:23:15Z,52.466649,13.431778
21145254,1329961,2023-01-02T08:20:00Z,2023-01-02T08:44:40Z,52.504047,13.402379
21172373,184178,2023-01-04T15:47:50Z,2023-01-04T16:50:51Z,52.306351,4.95416
21146475,1298104,2023-01-02T11:07:16Z,2023-01-02T11:07:59Z,51.912656,4.466103
21171298,121827,2023-01-04T14:37:29Z,2023-01-04T14:46:29Z,52.082318,4.299197
21145144,762129,2023-01-02T08:01:40Z,2023-01-02T08:09:28Z,52.352542,4.882069
21150844,122077,2023-01-02T16:55:32Z,2023-01-02T17:17:02Z,52.077579,4.306046
21164349,647947,2023-01-03T19:10:49Z,2023-01-03T19:12:01Z,53.236605,6.532023
21164666,886672,2023-01-03T19:41:21Z,2023-01-03T19:47:05Z,52.077499,4.306404
21159939,992139,2023-01-03T13:58:32Z,2023-01-03T14:20:42Z,51.91247,4.477
21166380,811432,2023-01-03T23:47:19Z,2023-01-03T23:58:06Z,52.371344,4.915667
21154604,793053,2023-01-02T19:16:47Z,2023-01-02T19:26:47Z,52.49833,13.38717
21144986,863596,2023-01-02T07:48:07Z,2023-01-02T07:59:34Z,51.92328,4.48911
21145633,1330460,2023-01-02T09:22:49Z,2023-01-02T10:20:46Z,52.511703,13.32199
21148245,277041,2023-01-02T13:52:44Z,2023-01-02T14:02:13Z,51.9172,4.44567
21158369,472327,2023-01-03T11:41:41Z,2023-01-03T11:47:26Z,50.821419,4.342826
21168347,64777,2023-01-04T08:19:26Z,2023-01-04T08:31:45Z,51.934041,4.454429
21172326,946150,2023-01-04T15:55:24Z,2023-01-04T15:58:42Z,51.899866,4.48046
21165919,659954,2023-01-03T22:12:19Z,2023-01-03T22:22:17Z,51.898678,4.509127
21156162,372204,2023-01-03T07:18:56Z,2023-01-03T07:28:59Z,51.900606,4.483719
21176716,294275,2023-01-04T21:42:03Z,2023-01-04T21:46:03Z,51.450397,5.466298
21152080,953739,2023-01-02T18:33:15Z,2023-01-02T18:33:34Z,53.237547,6.552358
21152951,870722,2023-01-02T19:46:23Z,2023-01-02T19:59:32Z,51.499344,5.471408
21153173,331097,2023-01-02T20:21:31Z,2023-01-02T20:49:51Z,52.384077,4.902719
21155435,944833,2023-01-03T01:24:19Z,2023-01-03T01:27:35Z,52.216934,6.945094
21172942,855615,2023-01-04T16:26:49Z,2023-01-04T16:42:58Z,52.346837,4.867833
21167214,274327,2023-01-04T00:13:14Z,2023-01-04T00:15:04Z,51.922363,4.469169
21149712,1330470,2023-01-02T15:53:26Z,2023-01-02T15:57:15Z,52.489278,13.348962
21151745,897220,2023-01-02T18:02:46Z,2023-01-02T18:09:30Z,51.44159,5.477676
21157412,728470,2023-01-03T09:53:04Z,2023-01-03T10:07:16Z,52.35421,4.88707
21145300,933082,2023-01-02T08:31:29Z,2023-01-02T08:45:39Z,52.530208,13.314485
21149852,366588,2023-01-02T15:56:16Z,2023-01-02T16:13:47Z,51.914005,4.44549
21167537,782445,2023-01-04T05:44:18Z,2023-01-04T06:01:26Z,52.361421,4.864992
21162444,1315794,2023-01-03T16:46:36Z,2023-01-03T17:03:15Z,52.36954,4.85583
21174866,1319749,2023-01-04T18:33:05Z,2023-01-04T18:49:36Z,51.917404,4.472385
21176273,328758,2023-01-04T20:53:02Z,2023-01-04T20:57:43Z,53.224661,6.562834
21171191,822697,2023-01-04T14:28:45Z,2023-01-04T14:45:29Z,51.405808,5.41517
21156814,48158,2023-01-03T08:32:01Z,2023-01-03T08:39:51Z,51.917923,4.472611
21150681,4574,2023-01-02T16:49:44Z,2023-01-02T16:56:51Z,51.908497,4.478799
21172900,64544,2023-01-04T16:21:27Z,2023-01-04T16:35:52Z,51.933415,4.468795
21170943,573608,2023-01-04T14:06:17Z,2023-01-04T14:40:06Z,52.352125,5.008569
21168916,365014,2023-01-04T10:02:14Z,2023-01-04T10:17:43Z,51.561554,5.045564
21170543,356471,2023-01-04T13:29:27Z,2023-01-04T13:40:46Z,52.362521,4.880517
21164374,815141,2023-01-03T19:09:21Z,2023-01-03T19:34:30Z,52.569938,13.406316
21152965,211950,2023-01-02T19:46:02Z,2023-01-02T20:02:38Z,51.921298,4.408412
21158811,1325588,2023-01-03T12:24:54Z,2023-01-03T12:29:42Z,52.193623,6.855602
21151383,1206372,2023-01-02T17:38:56Z,2023-01-02T17:58:13Z,53.554826,9.96276
21150606,285983,2023-01-02T16:43:31Z,2023-01-02T16:51:02Z,52.388721,4.620679
21168180,1308269,2023-01-04T07:49:50Z,2023-01-04T07:57:58Z,52.386702,4.636544
21149668,1083479,2023-01-02T15:45:55Z,2023-01-02T16:08:14Z,52.087848,4.313906
21149046,1328956,2023-01-02T15:01:41Z,2023-01-02T15:11:22Z,52.517097,13.387961
21170126,196956,2023-01-04T12:41:58Z,2023-01-04T13:05:10Z,51.945063,4.476202
21154803,1316761,2023-01-02T15:55:52Z,2023-01-02T16:05:52Z,51.90432,4.4563
21152665,300740,2023-01-02T19:22:11Z,2023-01-02T19:31:41Z,51.935887,4.491776
21172984,1216707,2023-01-04T16:34:03Z,2023-01-04T16:59:30Z,52.353575,4.919199
21151512,868708,2023-01-02T17:43:30Z,2023-01-02T18:06:13Z,52.38223,4.856
21155031,975217,2023-01-02T11:03:43Z,2023-01-02T11:13:43Z,52.35705,4.88689
21161983,76181,2023-01-03T16:21:03Z,2023-01-03T16:23:59Z,52.071946,4.311442
21168255,925784,2023-01-04T08:05:53Z,2023-01-04T08:13:07Z,53.547689,9.961501
21166889,1175803,2023-01-03T12:26:04Z,2023-01-03T12:36:04Z,52.331982,4.875731
21165471,1032664,2023-01-03T21:04:50Z,2023-01-03T21:10:20Z,51.43854,5.474425
21176126,114735,2023-01-04T20:32:57Z,2023-01-04T20:37:58Z,51.889596,4.501974
21151645,44971,2023-01-02T18:00:22Z,2023-01-02T18:05:05Z,51.449616,5.489731
21172410,308819,2023-01-04T15:57:01Z,2023-01-04T16:07:33Z,51.917738,4.481772
21148603,978081,2023-01-02T14:25:53Z,2023-01-02T14:33:11Z,51.894068,4.52757
21155583,1326847,2023-01-03T04:05:55Z,2023-01-03T04:18:09Z,51.906464,4.490058
21161795,872535,2023-01-03T16:03:16Z,2023-01-03T16:22:17Z,53.203562,6.556428
21151964,907360,2023-01-02T18:24:57Z,2023-01-02T18:37:21Z,52.502986,13.412249
21152828,1298373,2023-01-02T19:38:04Z,2023-01-02T19:44:15Z,52.349493,4.943367
21172945,977190,2023-01-04T16:31:31Z,2023-01-04T16:31:51Z,52.222701,6.892584
21165562,738660,2023-01-03T21:23:30Z,2023-01-03T21:29:18Z,52.461986,13.343958
21175798,582780,2023-01-04T20:03:53Z,2023-01-04T20:10:25Z,52.355263,4.928541
21166234,871580,2023-01-03T23:11:56Z,2023-01-03T23:18:55Z,52.550265,13.387803
21154679,1209669,2023-01-02T17:53:16Z,2023-01-02T18:03:16Z,52.507103,13.281005
21150120,1275975,2023-01-02T16:11:26Z,2023-01-02T16:28:04Z,51.848485,5.864213
21149333,149655,2023-01-02T15:14:41Z,2023-01-02T15:26:15Z,53.227973,6.53826
21167825,828579,2023-01-04T07:04:28Z,2023-01-04T07:31:49Z,51.943203,4.537619
21167851,804084,2023-01-04T07:07:49Z,2023-01-04T07:18:17Z,52.381641,4.855771
21173573,1077081,2023-01-04T17:04:28Z,2023-01-04T17:13:44Z,52.371324,4.858105
21160286,557022,2023-01-03T14:25:46Z,2023-01-03T14:30:21Z,51.92726,4.48671
21149079,1236432,2023-01-02T15:06:05Z,2023-01-02T15:12:00Z,53.222438,6.58236
21156081,85120,2023-01-03T06:55:13Z,2023-01-03T07:15:23Z,52.354705,4.880773
21159071,687511,2023-01-03T12:49:33Z,2023-01-03T13:09:12Z,51.833889,5.884913
21152233,810470,2023-01-02T18:45:41Z,2023-01-02T18:57:34Z,50.833527,4.378698
21164464,259037,2023-01-03T19:18:59Z,2023-01-03T19:28:57Z,52.05927,4.323534
21146649,975217,2023-01-02T11:23:06Z,2023-01-02T11:32:20Z,52.35706,4.886864
21170594,794112,2023-01-04T13:36:13Z,2023-01-04T13:44:17Z,51.83301,5.849637
21170014,564665,2023-01-04T12:32:18Z,2023-01-04T12:47:05Z,51.913844,4.527454
21163742,113008,2023-01-03T18:18:23Z,2023-01-03T18:19:56Z,52.054235,4.335518
21147664,723702,2023-01-02T12:55:29Z,2023-01-02T13:11:27Z,52.550423,13.390879
21153452,931197,2023-01-02T20:57:35Z,2023-01-02T21:05:25Z,53.218361,6.573824
21158360,1330799,2023-01-03T11:41:03Z,2023-01-03T11:56:37Z,51.898286,4.479546
21149661,69081,2023-01-02T15:50:15Z,2023-01-02T16:05:15Z,51.907577,4.451178
21167224,830375,2023-01-04T00:22:31Z,2023-01-04T00:31:53Z,52.381167,4.897268
21154535,585673,2023-01-02T21:59:11Z,2023-01-02T22:09:11Z,52.354463,4.921972
21146567,767465,2023-01-02T11:16:19Z,2023-01-02T11:22:17Z,52.539157,13.421384
21162321,95640,2023-01-03T16:45:47Z,2023-01-03T16:58:51Z,52.108098,4.286028
21158487,650655,2023-01-03T11:45:48Z,2023-01-03T12:09:55Z,51.889632,4.507341
21155879,85911,2023-01-03T06:34:56Z,2023-01-03T06:48:17Z,52.05166,4.301872
21174012,1079142,2023-01-04T17:35:16Z,2023-01-04T18:00:09Z,52.35011,4.944348
21155637,1329727,2023-01-03T05:11:34Z,2023-01-03T05:33:36Z,52.319607,4.857635
21163169,1080989,2023-01-03T17:36:59Z,2023-01-03T17:42:40Z,52.071582,4.347027
21155176,602778,2023-01-02T07:30:46Z,2023-01-02T07:40:46Z,51.929248,4.508215
21160119,243091,2023-01-03T14:15:30Z,2023-01-03T14:19:06Z,52.388877,4.920103
21150632,790516,2023-01-02T16:40:10Z,2023-01-02T16:46:49Z,51.908675,4.464146
21144334,625064,2023-01-02T05:54:26Z,2023-01-02T05:58:20Z,51.915603,4.458249
21178315,1188955,2023-01-04T07:30:14Z,2023-01-04T07:40:14Z,52.349785,4.919206
21170026,1327090,2023-01-04T12:32:21Z,2023-01-04T12:43:04Z,52.490491,6.108022
21159669,557919,2023-01-03T13:37:43Z,2023-01-03T13:39:24Z,52.379717,4.631206
21155563,1324599,2023-01-03T03:24:19Z,2023-01-03T03:36:30Z,52.378465,4.847352
21164861,619759,2023-01-03T20:00:52Z,2023-01-03T20:16:28Z,51.914965,4.392238
21170569,197962,2023-01-04T13:33:33Z,2023-01-04T13:46:36Z,51.930448,4.458379
21149002,1330559,2023-01-02T14:52:45Z,2023-01-02T15:13:51Z,53.555837,9.938313
21158509,183519,2023-01-03T11:54:34Z,2023-01-03T12:07:07Z,50.832709,4.366701
21157350,63743,2023-01-03T09:39:19Z,2023-01-03T09:57:50Z,51.937236,4.476381
21152091,202494,2023-01-02T18:33:16Z,2023-01-02T18:41:09Z,52.383765,4.887015
21169772,174411,2023-01-04T12:01:52Z,2023-01-04T12:02:28Z,52.36249,4.90726
21175816,38888,2023-01-04T20:07:57Z,2023-01-04T20:17:57Z,52.07689,4.30626
21163799,33133,2023-01-03T18:22:47Z,2023-01-03T18:22:55Z,52.077492,4.315224
21161062,299734,2023-01-03T15:28:40Z,2023-01-03T15:35:38Z,51.442122,5.478935
21173233,62001,2023-01-04T16:46:57Z,2023-01-04T16:59:03Z,51.917378,4.481334
21165381,1261655,2023-01-03T21:00:54Z,2023-01-03T21:13:40Z,52.48533,13.284402
21148907,1231852,2023-01-02T14:50:15Z,2023-01-02T15:12:22Z,53.551165,10.024969
21148771,650301,2023-01-02T14:40:27Z,2023-01-02T14:51:33Z,52.508831,13.322416
21175011,908869,2023-01-04T18:43:42Z,2023-01-04T19:15:33Z,52.37843,4.88339
21161319,1252368,2023-01-03T15:42:32Z,2023-01-03T15:50:44Z,53.21082,6.55991
21169679,305326,2023-01-04T11:47:32Z,2023-01-04T11:53:07Z,52.365497,4.889693
21169781,720179,2023-01-04T11:57:07Z,2023-01-04T12:03:37Z,51.557774,5.090317
21166926,226035,2023-01-03T11:52:26Z,2023-01-03T12:02:26Z,51.926341,4.515483
21164719,892852,2023-01-03T19:46:55Z,2023-01-03T19:57:02Z,51.923535,4.501444
21157455,273384,2023-01-03T09:57:45Z,2023-01-03T09:59:22Z,51.921494,4.531509
21160783,210545,2023-01-03T15:04:19Z,2023-01-03T15:15:24Z,51.933713,4.468928
21154293,137082,2023-01-02T23:12:36Z,2023-01-02T23:26:14Z,52.345151,4.961965
21151200,868092,2023-01-02T17:25:33Z,2023-01-02T17:30:30Z,52.541893,13.271503
21163018,30,2023-01-03T17:26:55Z,2023-01-03T17:35:36Z,52.362574,4.863886
21177004,1331725,2023-01-04T21:31:21Z,2023-01-04T22:17:09Z,52.524031,13.367032
21165516,272002,2023-01-03T21:16:06Z,2023-01-03T21:25:31Z,51.919797,4.451292
21163543,795330,2023-01-03T17:51:14Z,2023-01-03T18:10:13Z,51.700798,5.30174
21165246,1331043,2023-01-03T20:45:41Z,2023-01-03T21:09:30Z,52.370985,4.898627
21173104,47795,2023-01-04T16:40:06Z,2023-01-04T16:52:00Z,51.9211,4.48159
21169097,199514,2023-01-04T10:36:03Z,2023-01-04T10:47:26Z,50.846402,4.397087
21177857,42560,2023-01-04T17:53:28Z,2023-01-04T18:03:28Z,51.92605,4.48866
21146339,66267,2023-01-02T10:53:50Z,2023-01-02T11:15:14Z,52.372927,4.887066
21144306,39827,2023-01-02T04:51:08Z,2023-01-02T05:48:51Z,51.921788,4.451577
21157184,151913,2023-01-03T09:22:48Z,2023-01-03T09:27:41Z,50.832808,4.374525
21150916,1330744,2023-01-02T16:56:47Z,2023-01-02T17:07:22Z,52.449676,13.303987
21151883,376606,2023-01-02T18:19:38Z,2023-01-02T18:19:54Z,51.924342,4.511698
21167015,51257,2023-01-03T09:22:38Z,2023-01-03T09:32:38Z,51.920065,4.444567
21145470,1236405,2023-01-02T08:53:50Z,2023-01-02T09:02:16Z,51.909825,4.387514
21172035,1098284,2023-01-04T15:36:30Z,2023-01-04T15:36:58Z,51.914075,4.437327
21163051,299049,2023-01-03T17:29:04Z,2023-01-03T17:33:26Z,51.923313,4.47148
21154844,47074,2023-01-02T14:59:22Z,2023-01-02T15:09:22Z,52.367708,4.617213
21161051,974902,2023-01-03T15:28:10Z,2023-01-03T15:31:16Z,52.338025,4.868335
21150110,1026968,2023-01-02T16:14:48Z,2023-01-02T16:15:15Z,52.358864,4.875581
21170684,1289002,2023-01-04T13:43:45Z,2023-01-04T13:50:15Z,52.515843,6.105122
21174807,123488,2023-01-04T18:20:30Z,2023-01-04T18:46:06Z,52.37388,4.938067
21167588,17440,2023-01-04T06:01:22Z,2023-01-04T06:08:53Z,51.91889,4.511627
21165218,572528,2023-01-03T20:41:51Z,2023-01-03T20:45:34Z,52.36299,4.88002
21167075,82060,2023-01-03T07:57:56Z,2023-01-03T08:07:56Z,52.051233,4.295025
21147625,1250127,2023-01-02T12:50:15Z,2023-01-02T13:40:08Z,52.365373,4.932728
21169944,637541,2023-01-04T12:19:24Z,2023-01-04T12:39:49Z,52.371251,4.895098
21173923,205593,2023-01-04T17:20:21Z,2023-01-04T17:41:43Z,51.923148,4.497326
21150024,1267528,2023-01-02T16:10:43Z,2023-01-02T16:20:52Z,50.780492,6.079682
21144217,1330315,2023-01-02T04:34:30Z,2023-01-02T04:43:25Z,51.911431,4.430457
21162779,1329192,2023-01-03T17:12:30Z,2023-01-03T17:25:58Z,51.586369,4.778082
21159918,906910,2023-01-03T13:59:19Z,2023-01-03T14:07:27Z,52.367078,4.895932
21158126,717998,2023-01-03T11:15:32Z,2023-01-03T11:23:54Z,53.54893,9.92599
21169537,49570,2023-01-04T11:36:25Z,2023-01-04T11:46:13Z,51.91015,4.496054
21150059,3266,2023-01-02T16:10:29Z,2023-01-02T16:26:06Z,52.373382,4.887953
21166614,87600,2023-01-03T17:37:48Z,2023-01-03T17:47:48Z,52.075722,4.35835
21177084,600744,2023-01-04T22:26:16Z,2023-01-04T22:29:05Z,51.446042,5.477477
21165021,1287128,2023-01-03T20:20:39Z,2023-01-03T20:24:52Z,51.68632,5.298489
21164491,1033470,2023-01-03T19:22:40Z,2023-01-03T19:37:37Z,51.92734,4.516522
21150228,1231969,2023-01-02T16:21:59Z,2023-01-02T16:28:59Z,51.568862,5.053466
21175114,1186227,2023-01-04T18:54:40Z,2023-01-04T18:56:33Z,51.91613,4.5272
21173282,880548,2023-01-04T16:49:02Z,2023-01-04T16:58:23Z,51.823858,5.870607
21162289,902208,2023-01-03T16:43:45Z,2023-01-03T16:56:31Z,52.367403,4.614485
21168927,247359,2023-01-04T10:02:10Z,2023-01-04T10:15:49Z,51.449623,5.48955
21156962,23805,2023-01-03T08:47:03Z,2023-01-03T09:11:19Z,52.370838,4.87023
21174191,854218,2023-01-04T17:46:15Z,2023-01-04T18:30:25Z,52.073138,4.319663
21157274,318231,2023-01-03T09:35:50Z,2023-01-03T09:43:30Z,51.915606,4.486187
21145002,9149,2023-01-02T07:50:55Z,2023-01-02T08:04:27Z,52.385858,4.866205
21145364,1328749,2023-01-02T08:42:45Z,2023-01-02T08:43:21Z,52.50991,13.4301
21162037,229756,2023-01-03T16:26:36Z,2023-01-03T16:41:54Z,51.918349,4.463067
21174243,1014135,2023-01-04T17:49:56Z,2023-01-04T18:00:36Z,53.544629,10.02824
21165709,1320750,2023-01-03T21:42:33Z,2023-01-03T21:49:51Z,51.45161,5.4722
21177479,1331574,2023-01-04T23:19:12Z,2023-01-04T23:39:38Z,51.43705,5.478072
21171668,885441,2023-01-04T15:09:02Z,2023-01-04T15:14:17Z,52.102531,4.271891
21174414,21869,2023-01-04T17:58:04Z,2023-01-04T18:18:46Z,51.917385,4.516047
21170660,969443,2023-01-04T13:42:12Z,2023-01-04T13:48:19Z,51.9222,4.49598
21158462,1283486,2023-01-03T11:50:22Z,2023-01-03T12:06:47Z,52.217579,6.857629
21162494,1251823,2023-01-03T16:53:08Z,2023-01-03T17:00:11Z,51.93301,4.47282
21173591,1305014,2023-01-04T17:06:34Z,2023-01-04T17:17:06Z,52.0749,4.3099
21168536,1169425,2023-01-04T08:54:27Z,2023-01-04T08:58:45Z,52.386902,4.881466
21154177,325576,2023-01-02T22:43:16Z,2023-01-02T22:50:46Z,52.371938,4.874933
21147465,84239,2023-01-02T12:38:35Z,2023-01-02T12:39:14Z,52.083471,4.330358
21172226,1106071,2023-01-04T15:49:22Z,2023-01-04T15:51:09Z,52.384138,4.870138
21177345,596574,2023-01-04T23:00:57Z,2023-01-04T23:15:40Z,52.366697,4.902012
21161127,938447,2023-01-03T15:33:57Z,2023-01-03T15:42:37Z,50.779042,6.109419
21168183,619988,2023-01-04T07:55:17Z,2023-01-04T07:58:52Z,51.429903,5.466795
21146305,889242,2023-01-02T10:51:21Z,2023-01-02T10:54:54Z,52.514828,13.290732
21167238,1151743,2023-01-04T00:33:19Z,2023-01-04T00:36:47Z,52.379755,4.894319
21170534,646793,2023-01-04T13:27:43Z,2023-01-04T13:30:31Z,53.21513,6.55184
21153328,1329068,2023-01-02T20:34:30Z,2023-01-02T20:55:47Z,52.373118,4.901017
21149080,1330661,2023-01-02T15:05:03Z,2023-01-02T15:16:43Z,52.341267,4.853278
21146984,713509,2023-01-02T11:50:45Z,2023-01-02T12:00:42Z,52.495682,13.419614
21167941,920313,2023-01-04T07:20:11Z,2023-01-04T07:33:40Z,53.234222,6.580742
21161912,216970,2023-01-03T16:17:26Z,2023-01-03T16:37:28Z,52.07504,4.328814
21169790,1133474,2023-01-04T12:04:58Z,2023-01-04T12:07:57Z,52.06839,4.32238
21172449,187185,2023-01-04T15:57:43Z,2023-01-04T16:07:54Z,52.364563,4.8597
21155411,911891,2023-01-03T01:08:40Z,2023-01-03T01:09:08Z,52.217581,6.896068
21176491,209378,2023-01-04T21:17:50Z,2023-01-04T21:21:41Z,51.917371,4.477315
21165015,1242671,2023-01-03T20:16:39Z,2023-01-03T20:25:25Z,50.773823,6.086122
21158775,306004,2023-01-03T12:21:16Z,2023-01-03T12:31:57Z,51.82751,5.86955
21170871,1327338,2023-01-04T13:59:54Z,2023-01-04T14:38:54Z,52.385138,4.742539
21149137,806031,2023-01-02T15:03:45Z,2023-01-02T15:25:25Z,52.343744,4.894739
21163516,554310,2023-01-03T18:01:30Z,2023-01-03T18:02:37Z,52.355779,4.901611
21157371,55411,2023-01-03T09:47:02Z,2023-01-03T09:48:28Z,52.385564,4.889518
21155823,1170767,2023-01-03T06:24:03Z,2023-01-03T06:36:07Z,51.919751,4.479812
21164923,114657,2023-01-03T20:08:42Z,2023-01-03T20:10:02Z,52.342141,4.892707
21145771,77441,2023-01-02T09:43:12Z,2023-01-02T09:44:12Z,52.073597,4.309927
21162732,1327851,2023-01-03T17:09:39Z,2023-01-03T17:17:52Z,51.9162,4.48248
21171289,216786,2023-01-04T14:30:12Z,2023-01-04T15:12:28Z,51.928297,4.378105
21162743,1330767,2023-01-03T17:10:03Z,2023-01-03T17:42:42Z,51.951471,4.560625
21155531,622749,2023-01-03T02:27:50Z,2023-01-03T02:40:59Z,52.06394,4.290343
21164698,1191904,2023-01-03T19:41:50Z,2023-01-03T19:50:33Z,51.843124,5.854142
21166749,778187,2023-01-03T15:06:27Z,2023-01-03T15:16:27Z,52.457623,13.384235
21173920,848377,2023-01-04T17:28:26Z,2023-01-04T17:37:50Z,52.35802,4.89441
21151195,1002650,2023-01-02T17:22:55Z,2023-01-02T17:34:20Z,51.4402,5.48056
21146219,813637,2023-01-02T10:42:26Z,2023-01-02T10:45:10Z,51.451235,5.457735
21174418,819945,2023-01-04T18:01:19Z,2023-01-04T18:07:22Z,51.923203,4.471566
21168577,1143887,2023-01-04T09:01:52Z,2023-01-04T09:08:04Z,51.91557,4.443607
21175076,839814,2023-01-04T18:48:42Z,2023-01-04T18:58:34Z,51.923555,4.499566
21150088,343725,2023-01-02T16:07:40Z,2023-01-02T16:51:42Z,52.363669,4.862781
21159965,376588,2023-01-03T13:57:14Z,2023-01-03T14:03:02Z,51.925531,4.513203
21167383,767083,2023-01-04T02:44:50Z,2023-01-04T03:07:29Z,52.37196,4.9463
21159476,832580,2023-01-03T13:15:26Z,2023-01-03T13:28:35Z,52.065267,4.239635
21150810,1132467,2023-01-02T16:57:22Z,2023-01-02T17:05:38Z,52.372082,4.889407
21153471,257912,2023-01-02T20:59:23Z,2023-01-02T20:59:48Z,52.367181,4.895569
21154334,1330802,2023-01-02T23:17:38Z,2023-01-02T23:31:42Z,53.566179,9.962826
21176458,1254241,2023-01-04T21:13:58Z,2023-01-04T21:24:35Z,51.931659,4.478625
21166581,684857,2023-01-03T18:40:05Z,2023-01-03T18:50:05Z,51.920095,4.443824
21169375,681305,2023-01-04T11:17:18Z,2023-01-04T11:24:52Z,53.55409,9.962396
21155537,622749,2023-01-03T02:41:03Z,2023-01-03T02:51:03Z,52.063945,4.290339
21178020,223887,2023-01-04T15:05:12Z,2023-01-04T15:15:12Z,51.919899,4.418614
21150563,21062,2023-01-02T16:39:10Z,2023-01-02T17:01:53Z,51.905375,4.488054
21173123,13581,2023-01-04T16:39:49Z,2023-01-04T16:41:36Z,52.394561,4.872333
21174433,1081425,2023-01-04T18:02:06Z,2023-01-04T18:07:13Z,51.436074,5.48489
21165888,566831,2023-01-03T22:05:16Z,2023-01-03T22:25:41Z,52.361348,4.915248
21148472,226416,2023-01-02T14:14:40Z,2023-01-02T14:26:45Z,53.217472,6.573997
21147949,1314915,2023-01-02T13:28:54Z,2023-01-02T13:53:21Z,52.344325,4.804468
21151890,53614,2023-01-02T18:19:40Z,2023-01-02T18:26:51Z,51.92301,4.49812
21159666,864853,2023-01-03T13:37:35Z,2023-01-03T13:45:49Z,52.367009,4.892793
21145217,562569,2023-01-02T08:21:54Z,2023-01-02T08:22:54Z,52.368578,4.865906
21143965,1128509,2023-01-02T00:20:52Z,2023-01-02T00:35:08Z,53.57025,10.035004
21165462,1174685,2023-01-03T21:09:10Z,2023-01-03T21:20:56Z,52.372082,4.901006
21153649,414935,2023-01-02T21:15:30Z,2023-01-02T21:26:56Z,51.923364,4.47177
21178305,472318,2023-01-04T07:34:06Z,2023-01-04T07:44:06Z,53.223637,6.591912
21174016,939236,2023-01-04T17:35:43Z,2023-01-04T17:49:23Z,52.359925,4.88155
21150710,1066757,2023-01-02T16:46:06Z,2023-01-02T17:11:55Z,52.344355,4.80473
21176166,340015,2023-01-04T20:42:22Z,2023-01-04T20:59:58Z,52.365299,4.867246
21152024,331030,2023-01-02T18:24:44Z,2023-01-02T18:54:11Z,52.075038,4.350304
21168523,1054284,2023-01-04T08:49:07Z,2023-01-04T08:56:04Z,52.511869,6.105592
21159506,696490,2023-01-03T13:21:26Z,2023-01-03T13:34:59Z,53.55766,10.010655
21154190,646143,2023-01-02T22:53:07Z,2023-01-02T22:58:54Z,53.552267,9.936011
21159566,306004,2023-01-03T13:29:59Z,2023-01-03T13:39:43Z,51.839421,5.861682
21165189,58675,2023-01-03T20:39:25Z,2023-01-03T20:39:50Z,52.351463,4.846094
21146851,1161969,2023-01-02T11:42:46Z,2023-01-02T11:45:56Z,51.918801,4.464616
21158714,344395,2023-01-03T12:11:19Z,2023-01-03T12:38:23Z,53.235503,6.575668
21157821,197962,2023-01-03T10:44:31Z,2023-01-03T11:07:26Z,51.91613,4.5008
21158737,1109305,2023-01-03T12:17:53Z,2023-01-03T12:22:10Z,52.216864,6.899816
21170445,99210,2023-01-04T13:18:17Z,2023-01-04T13:28:32Z,52.363698,4.8748
21150137,1272909,2023-01-02T16:15:59Z,2023-01-02T16:27:54Z,51.592184,5.028027
21146011,1328980,2023-01-02T10:18:29Z,2023-01-02T10:27:02Z,51.927591,4.439668
21144583,384463,2023-01-02T06:58:39Z,2023-01-02T07:01:28Z,52.392771,4.649742
21160889,992139,2023-01-03T15:10:06Z,2023-01-03T15:16:52Z,51.896954,4.525222
21168257,1253407,2023-01-04T08:03:10Z,2023-01-04T08:14:09Z,52.222491,6.926997
21172908,828799,2023-01-04T16:24:10Z,2023-01-04T16:30:12Z,52.34549,4.83454
21151587,177271,2023-01-02T17:55:24Z,2023-01-02T18:18:58Z,52.085766,4.297462
21146677,166190,2023-01-02T11:22:34Z,2023-01-02T11:31:48Z,51.89795,4.502638
21171406,742350,2023-01-04T14:42:39Z,2023-01-04T14:56:08Z,52.388915,4.887484
21157442,32234,2023-01-03T09:47:10Z,2023-01-03T10:07:42Z,51.933966,4.475833
21148656,682545,2023-01-02T14:27:59Z,2023-01-02T14:42:17Z,52.526822,13.408128
21152137,147722,2023-01-02T18:34:19Z,2023-01-02T18:47:36Z,52.345229,4.86311
21163179,37839,2023-01-03T17:37:40Z,2023-01-03T17:42:53Z,52.345829,4.901755
21162557,395272,2023-01-03T17:00:23Z,2023-01-03T17:09:44Z,51.566892,5.111706
21149121,1302891,2023-01-02T15:05:40Z,2023-01-02T15:09:08Z,53.224953,6.571787
21177833,1010922,2023-01-04T18:15:57Z,2023-01-04T18:25:57Z,52.078666,4.294529
21159381,818353,2023-01-03T13:15:13Z,2023-01-03T13:55:56Z,51.909368,4.471743
21178353,40972,2023-01-04T06:29:03Z,2023-01-04T06:39:03Z,51.91586,4.50069
21159897,1266048,2023-01-03T13:57:04Z,2023-01-03T14:39:08Z,52.507801,13.454897
21164150,366503,2023-01-03T18:51:38Z,2023-01-03T18:55:41Z,51.919854,4.487354
21163226,314097,2023-01-03T17:40:37Z,2023-01-03T17:52:22Z,51.918985,4.488708
21159688,691705,2023-01-03T13:35:42Z,2023-01-03T13:48:47Z,51.92406,4.48766
21159597,57035,2023-01-03T13:32:32Z,2023-01-03T13:41:13Z,52.379611,4.632064
21151470,1329115,2023-01-02T17:42:21Z,2023-01-02T18:03:58Z,52.353741,4.840673
21159906,1294896,2023-01-03T13:58:15Z,2023-01-03T14:00:53Z,52.50194,13.32143
21175585,695487,2023-01-04T19:45:37Z,2023-01-04T19:57:46Z,52.488527,13.495266
21145412,1315459,2023-01-02T08:49:38Z,2023-01-02T08:51:47Z,51.838498,5.861378
21159021,648024,2023-01-03T12:39:21Z,2023-01-03T12:56:37Z,53.218558,6.573936
21160246,915742,2023-01-03T14:25:26Z,2023-01-03T14:25:33Z,51.424209,5.485519
21157754,226785,2023-01-03T10:36:14Z,2023-01-03T11:23:27Z,52.082275,4.299765
21174039,413448,2023-01-04T17:37:18Z,2023-01-04T17:56:00Z,51.921311,4.472673
21165726,1154342,2023-01-03T21:45:44Z,2023-01-03T21:50:41Z,52.045557,4.289414
21165875,587980,2023-01-03T22:02:08Z,2023-01-03T22:51:29Z,52.346275,4.904409
21148044,329654,2023-01-02T13:39:42Z,2023-01-02T13:52:17Z,52.214401,6.860912
21147903,584938,2023-01-02T13:17:10Z,2023-01-02T13:25:55Z,51.920673,4.453159
21164247,966036,2023-01-03T19:01:24Z,2023-01-03T19:11:04Z,53.555645,9.983679
21157473,1296391,2023-01-03T10:01:54Z,2023-01-03T10:06:57Z,53.56992,10.017457
21155636,370168,2023-01-03T05:10:26Z,2023-01-03T05:25:59Z,51.424628,5.415788
21168932,1121065,2023-01-04T10:05:36Z,2023-01-04T10:17:07Z,52.032901,4.281214
21156372,163666,2023-01-03T07:41:35Z,2023-01-03T07:42:03Z,52.342997,4.947583
21169263,328128,2023-01-04T10:56:25Z,2023-01-04T11:00:52Z,53.219513,6.54809
21167401,952148,2023-01-04T03:06:37Z,2023-01-04T03:17:40Z,51.477632,5.491963
21147467,242827,2023-01-02T12:38:25Z,2023-01-02T12:41:18Z,51.91706,4.48427
21178339,42981,2023-01-04T07:00:28Z,2023-01-04T07:10:28Z,51.935014,4.46482
21156829,1330486,2023-01-03T08:25:30Z,2023-01-03T09:10:03Z,52.343698,4.912794
21153400,952148,2023-01-02T20:49:57Z,2023-01-02T20:56:05Z,51.44661,5.449816
21151275,1330560,2023-01-02T17:31:34Z,2023-01-02T17:49:54Z,52.507014,13.330444
21152959,210211,2023-01-02T19:53:23Z,2023-01-02T19:59:02Z,52.33486,4.860672
21160388,719704,2023-01-03T14:38:43Z,2023-01-03T14:39:48Z,51.910028,4.435518
21154258,1329982,2023-01-02T23:02:48Z,2023-01-03T00:20:41Z,52.512039,13.419723
21176966,1283339,2023-01-04T22:07:49Z,2023-01-04T22:20:08Z,52.386816,4.636698
21153242,902995,2023-01-02T20:28:32Z,2023-01-02T20:42:38Z,53.552695,10.009654
21176927,692666,2023-01-04T22:02:34Z,2023-01-04T22:25:39Z,51.933952,4.482479
21155413,911891,2023-01-03T01:09:41Z,2023-01-03T01:19:52Z,52.217527,6.896346
21177708,315203,2023-01-04T21:47:56Z,2023-01-04T21:56:56Z,52.361135,4.853092
21173719,1108126,2023-01-04T17:12:20Z,2023-01-04T17:25:11Z,50.775942,6.044674
21144140,1330421,2023-01-02T02:53:55Z,2023-01-02T02:55:41Z,51.918712,4.462083
21158075,1093684,2023-01-03T11:11:14Z,2023-01-03T11:14:33Z,52.063139,4.298962
21176339,193613,2023-01-04T21:00:55Z,2023-01-04T21:05:28Z,52.07923,4.30494
21162330,314494,2023-01-03T16:43:50Z,2023-01-03T16:52:44Z,52.083018,4.330303
21156444,61040,2023-01-03T07:40:17Z,2023-01-03T08:02:15Z,51.909135,4.458106
21151092,201450,2023-01-02T17:13:37Z,2023-01-02T17:30:46Z,52.361113,4.930507
21156260,990129,2023-01-03T07:29:29Z,2023-01-03T07:34:10Z,52.516188,6.088111
21165392,375347,2023-01-03T20:54:24Z,2023-01-03T21:02:12Z,52.3276,4.960368
21148870,699139,2023-01-02T14:45:36Z,2023-01-02T14:47:40Z,52.092658,4.271412
21174708,693722,2023-01-04T18:19:05Z,2023-01-04T18:31:02Z,52.536039,13.376364
21173265,338067,2023-01-04T16:49:26Z,2023-01-04T16:53:38Z,51.922399,4.492317
21177978,952179,2023-01-04T16:05:04Z,2023-01-04T16:15:04Z,50.791088,6.062853
21147978,203388,2023-01-02T13:32:53Z,2023-01-02T13:35:16Z,51.924084,4.492587
21164816,216866,2023-01-03T19:35:55Z,2023-01-03T19:59:11Z,51.916543,4.411778
21172071,7655,2023-01-04T15:35:07Z,2023-01-04T15:46:39Z,52.404775,4.648062
21156742,103456,2023-01-03T08:10:21Z,2023-01-03T08:32:54Z,52.078326,4.303456
21176225,257912,2023-01-04T20:44:41Z,2023-01-04T20:53:40Z,52.364898,4.858252
21145225,635088,2023-01-02T08:13:16Z,2023-01-02T08:28:41Z,52.381163,4.897438
21168327,356158,2023-01-04T08:19:12Z,2023-01-04T08:20:24Z,51.448412,5.457206
21151741,118029,2023-01-02T18:03:00Z,2023-01-02T18:21:45Z,52.36428,4.85383
21151030,1330422,2023-01-02T17:12:19Z,2023-01-02T18:03:41Z,52.501405,13.341832
21144825,74248,2023-01-02T07:33:06Z,2023-01-02T07:44:44Z,51.906638,4.457987
21156881,384470,2023-01-03T08:39:53Z,2023-01-03T08:41:09Z,51.489058,5.440557
21176793,1313777,2023-01-04T21:51:53Z,2023-01-04T21:57:17Z,52.07718,4.31581
21162231,546012,2023-01-03T16:38:53Z,2023-01-03T16:50:24Z,51.693878,5.266821
21145709,1231852,2023-01-02T09:34:04Z,2023-01-02T10:01:41Z,53.55123,10.024954
21155297,115057,2023-01-03T00:10:35Z,2023-01-03T00:17:44Z,51.919027,4.491575
21152812,27211,2023-01-02T19:36:40Z,2023-01-02T19:47:08Z,51.917625,4.445147
21177388,309165,2023-01-04T23:15:00Z,2023-01-04T23:20:37Z,52.073212,4.318807
21157366,1022036,2023-01-03T09:47:52Z,2023-01-03T10:02:26Z,51.92541,4.466354
21160841,775880,2023-01-03T15:10:25Z,2023-01-03T15:20:28Z,52.51093,13.41644
21169553,356996,2023-01-04T11:26:30Z,2023-01-04T11:40:16Z,52.353838,4.889263
21158196,931379,2023-01-03T11:22:09Z,2023-01-03T11:25:13Z,53.231147,6.581967
21151324,798835,2023-01-02T17:26:46Z,2023-01-02T17:48:49Z,52.35411,4.884213
21147955,549312,2023-01-02T13:30:25Z,2023-01-02T13:46:08Z,52.510793,13.45747
21144990,25852,2023-01-02T07:51:34Z,2023-01-02T07:59:10Z,51.909675,4.499764
21174428,9011,2023-01-04T17:14:20Z,2023-01-04T18:35:04Z,52.344341,4.804516
21169669,228696,2023-01-04T11:41:12Z,2023-01-04T12:01:30Z,52.071357,4.275314
21159482,43565,2023-01-03T13:22:54Z,2023-01-03T13:31:19Z,52.375142,4.871019
21155596,1309454,2023-01-03T04:25:39Z,2023-01-03T04:37:53Z,51.927694,4.439508
21174405,27774,2023-01-04T17:55:50Z,2023-01-04T18:04:34Z,51.92609,4.46528
21172271,122174,2023-01-04T15:50:38Z,2023-01-04T15:55:10Z,51.56872,5.052293
21163643,1204939,2023-01-03T18:11:54Z,2023-01-03T18:30:39Z,52.222758,6.899073
21173702,240299,2023-01-04T17:13:48Z,2023-01-04T17:30:54Z,52.37862,4.874234
21171382,575544,2023-01-04T14:45:03Z,2023-01-04T14:51:33Z,51.59504,4.781357
21148422,924325,2023-01-02T14:10:57Z,2023-01-02T14:44:09Z,52.21247,6.970435
21148620,208113,2023-01-02T14:28:38Z,2023-01-02T14:28:54Z,51.923296,4.473907
21166319,858740,2023-01-03T23:32:08Z,2023-01-03T23:32:55Z,51.684484,5.292492
21152739,1330796,2023-01-02T19:29:50Z,2023-01-02T19:39:00Z,52.364635,4.886785
21176972,173154,2023-01-04T22:06:43Z,2023-01-04T22:21:18Z,51.92331,4.47159
21157719,62396,2023-01-03T10:24:51Z,2023-01-03T10:47:34Z,51.91391,4.463969
21153802,316133,2023-01-02T21:37:56Z,2023-01-02T21:45:33Z,52.09452,4.384417
21160929,954996,2023-01-03T15:11:33Z,2023-01-03T15:19:37Z,51.910042,4.435525
21176660,249398,2023-01-04T21:32:50Z,2023-01-04T21:43:18Z,53.198721,6.559061
21166130,179941,2023-01-03T22:51:21Z,2023-01-03T22:59:27Z,52.084301,4.340441
21152160,67838,2023-01-02T18:33:03Z,2023-01-02T18:50:10Z,52.349587,4.846386
21177392,649092,2023-01-04T23:15:36Z,2023-01-04T23:23:03Z,52.079273,4.346013
21176928,1331349,2023-01-04T22:05:08Z,2023-01-04T22:07:41Z,51.922314,4.471341
21164030,825942,2023-01-03T18:41:34Z,2023-01-03T18:47:44Z,53.584068,9.982853
21160823,69645,2023-01-03T15:12:04Z,2023-01-03T15:12:32Z,51.91917,4.526858
21146246,412075,2023-01-02T10:45:30Z,2023-01-02T10:46:12Z,51.906961,4.489253
21153592,15088,2023-01-02T21:14:07Z,2023-01-02T21:20:41Z,51.92143,4.48468
21173385,234184,2023-01-04T16:53:30Z,2023-01-04T17:11:53Z,52.344725,4.858058
21158640,611961,2023-01-03T12:07:21Z,2023-01-03T12:23:35Z,52.090377,4.386077
21166561,242129,2023-01-03T19:04:57Z,2023-01-03T19:14:57Z,53.206818,6.558504
21176613,94352,2023-01-04T21:28:56Z,2023-01-04T21:37:08Z,52.08148,4.29211
21151598,911910,2023-01-02T17:57:11Z,2023-01-02T17:57:44Z,52.36545,4.88097
21145219,235095,2023-01-02T08:21:21Z,2023-01-02T08:29:51Z,52.088357,4.310168
21170324,1080437,2023-01-04T13:05:17Z,2023-01-04T13:14:35Z,52.387323,4.622112
21153913,675795,2023-01-02T22:01:00Z,2023-01-02T22:15:32Z,52.511649,6.092765
21175545,76162,2023-01-04T19:40:20Z,2023-01-04T19:40:25Z,52.100285,4.27138
21158169,1058497,2023-01-03T11:20:53Z,2023-01-03T11:37:09Z,51.930565,4.47442
21144572,633670,2023-01-02T06:52:27Z,2023-01-02T07:08:44Z,52.05368,4.303544
21158853,942385,2023-01-03T12:21:13Z,2023-01-03T12:44:38Z,52.351827,4.856464
21162446,740753,2023-01-03T16:52:01Z,2023-01-03T16:53:26Z,52.314559,4.938153
21144292,1313603,2023-01-02T05:36:21Z,2023-01-02T05:37:09Z,52.507378,13.485647
21159697,962984,2023-01-03T13:33:35Z,2023-01-03T13:47:44Z,51.728412,5.320995
21149975,237390,2023-01-02T16:02:41Z,2023-01-02T16:19:44Z,53.216742,6.55503
21177138,714947,2023-01-04T22:25:56Z,2023-01-04T22:40:30Z,51.451057,5.465186
21165668,188177,2023-01-03T21:35:36Z,2023-01-03T21:36:06Z,52.058658,4.302423
21153050,1287721,2023-01-02T20:05:49Z,2023-01-02T20:59:15Z,51.250492,6.764983
21174915,313444,2023-01-04T18:35:02Z,2023-01-04T18:39:50Z,53.229261,6.577887
21158217,1331009,2023-01-03T11:19:14Z,2023-01-03T11:26:53Z,53.567721,9.988415
21175891,30436,2023-01-04T20:10:53Z,2023-01-04T20:15:23Z,51.938221,4.476012
21167179,93921,2023-01-03T00:47:04Z,2023-01-03T00:57:04Z,52.361462,4.887058
21156006,183537,2023-01-03T06:59:53Z,2023-01-03T07:03:50Z,52.079965,4.302532
21145475,43896,2023-01-02T08:58:45Z,2023-01-02T09:01:22Z,51.920417,4.474281
21144230,977361,2023-01-02T04:46:41Z,2023-01-02T04:51:09Z,52.070344,4.326253
21160095,1298814,2023-01-03T14:13:11Z,2023-01-03T14:21:24Z,53.581385,9.977288
21159345,44085,2023-01-03T13:05:17Z,2023-01-03T13:29:11Z,52.372569,4.91823
21175341,406365,2023-01-04T19:20:11Z,2023-01-04T19:27:12Z,53.216522,6.584447
21145753,1134416,2023-01-02T09:40:31Z,2023-01-02T09:52:06Z,52.360573,4.915837
21174632,765946,2023-01-04T18:16:29Z,2023-01-04T18:24:01Z,52.480524,13.420801
21159985,574026,2023-01-03T14:04:57Z,2023-01-03T14:18:18Z,50.81353,4.3481
21149532,1246992,2023-01-02T15:41:50Z,2023-01-02T15:57:30Z,53.567415,9.961135
21160459,363799,2023-01-03T14:38:39Z,2023-01-03T14:52:26Z,53.20649,6.56614
21160873,1127851,2023-01-03T15:16:12Z,2023-01-03T15:55:17Z,50.837507,4.335888
21170420,67083,2023-01-04T13:10:07Z,2023-01-04T13:19:27Z,51.92812,4.50783
21168849,1331418,2023-01-04T09:49:56Z,2023-01-04T10:00:41Z,53.204608,6.562518
21171830,15443,2023-01-04T15:20:20Z,2023-01-04T15:33:33Z,52.362359,4.923364
21149979,355952,2023-01-02T16:00:48Z,2023-01-02T16:22:55Z,52.090244,4.386457
21153522,900947,2023-01-02T21:05:31Z,2023-01-02T21:28:28Z,52.388083,4.837202
21159643,246782,2023-01-03T13:30:11Z,2023-01-03T13:48:42Z,53.222403,6.565765
21178283,662332,2023-01-04T07:54:04Z,2023-01-04T08:04:04Z,53.225393,6.527925
21172266,284538,2023-01-04T15:50:33Z,2023-01-04T15:57:50Z,52.356808,4.888787
21177239,848908,2023-01-04T22:44:34Z,2023-01-04T22:58:16Z,52.362072,4.905867
21154212,71390,2023-01-02T22:55:55Z,2023-01-02T23:00:08Z,51.920409,4.474822
21170901,1329123,2023-01-04T14:02:24Z,2023-01-04T14:13:06Z,52.504728,13.441685
21165541,846578,2023-01-03T21:20:10Z,2023-01-03T21:28:42Z,51.92027,4.491898
21156799,157066,2023-01-03T08:27:02Z,2023-01-03T09:06:00Z,52.052683,4.291279
21160731,325281,2023-01-03T15:01:49Z,2023-01-03T15:23:29Z,52.504313,13.325403
21157493,693953,2023-01-03T10:04:57Z,2023-01-03T10:20:53Z,53.590322,10.015638
21172414,1331096,2023-01-04T16:00:11Z,2023-01-04T16:13:58Z,52.501406,13.442046
21159083,1093110,2023-01-03T12:47:47Z,2023-01-03T13:14:32Z,52.368904,4.882451
21173406,425287,2023-01-04T16:57:07Z,2023-01-04T17:01:26Z,52.366626,4.870655
21171647,569849,2023-01-04T15:02:09Z,2023-01-04T15:07:34Z,51.593924,5.009749
21175832,18582,2023-01-04T20:09:44Z,2023-01-04T20:20:10Z,51.920541,4.491265
21171589,1331548,2023-01-04T15:01:15Z,2023-01-04T15:10:42Z,52.082345,4.294137
21171184,1231363,2023-01-04T14:28:26Z,2023-01-05T06:09:34Z,52.352996,4.999243
21153034,1216235,2023-01-02T20:03:27Z,2023-01-02T20:08:11Z,50.771444,6.114518
21167606,1093565,2023-01-04T06:10:27Z,2023-01-04T06:22:59Z,52.531372,13.378203
21164946,864293,2023-01-03T20:11:47Z,2023-01-03T20:21:40Z,52.355127,4.877448
21167671,1286828,2023-01-04T06:32:23Z,2023-01-04T06:33:05Z,51.994807,4.488812
21148973,884924,2023-01-02T14:53:04Z,2023-01-02T14:58:27Z,51.837035,5.874017
21166144,771613,2023-01-03T22:46:19Z,2023-01-03T22:59:47Z,52.33418,4.857137
21164368,647947,2023-01-03T19:12:40Z,2023-01-03T19:26:47Z,53.23657,6.53193
21149109,1050610,2023-01-02T15:04:45Z,2023-01-02T15:20:08Z,52.487691,13.376394
21143971,898555,2023-01-02T00:21:39Z,2023-01-02T00:35:45Z,52.373246,4.900924
21161826,1219247,2023-01-03T16:12:00Z,2023-01-03T16:24:55Z,52.35779,4.8749
21158017,1296391,2023-01-03T11:05:16Z,2023-01-03T11:09:28Z,53.57913,10.0141
21162790,168059,2023-01-03T17:05:42Z,2023-01-03T17:20:26Z,51.928765,4.501654
21173445,1126469,2023-01-04T17:00:37Z,2023-01-04T17:04:29Z,52.524356,6.077386
21153747,400130,2023-01-02T21:30:38Z,2023-01-02T21:37:53Z,51.917266,4.455578
21176342,232887,2023-01-04T20:58:39Z,2023-01-04T21:01:23Z,51.910985,4.525602
21176962,241106,2023-01-04T22:08:25Z,2023-01-04T22:22:27Z,51.918936,4.462309
21165878,1260133,2023-01-03T22:06:54Z,2023-01-03T22:10:59Z,52.080053,4.295448
21155933,344239,2023-01-03T06:12:16Z,2023-01-03T08:46:06Z,52.384665,4.847644
21151043,858892,2023-01-02T17:13:31Z,2023-01-02T17:38:05Z,51.467687,5.47546
21172031,990023,2023-01-04T15:36:47Z,2023-01-04T15:46:36Z,52.219911,6.925927
21167949,1301891,2023-01-04T07:26:58Z,2023-01-04T07:42:03Z,53.213781,6.551761
21157579,1302061,2023-01-03T10:10:25Z,2023-01-03T10:29:10Z,52.364079,4.833779
21161210,332546,2023-01-03T15:30:17Z,2023-01-03T15:57:33Z,52.05874,4.30454
21152222,1283486,2023-01-02T18:43:21Z,2023-01-02T19:00:01Z,52.217579,6.857728
21165715,671623,2023-01-03T21:40:41Z,2023-01-03T21:54:05Z,53.555357,9.988331
21161489,1119521,2023-01-03T15:55:37Z,2023-01-03T16:00:48Z,51.880169,4.504553
21148047,50439,2023-01-02T13:39:50Z,2023-01-02T13:47:49Z,51.907344,4.489934
21160760,405146,2023-01-03T15:08:11Z,2023-01-03T15:09:28Z,53.21845,6.555283
21147732,48165,2023-01-02T13:04:14Z,2023-01-02T13:14:55Z,52.366928,4.892843
21144671,679414,2023-01-02T07:06:32Z,2023-01-02T07:23:53Z,52.36824,4.88434
21167528,1217112,2023-01-04T05:36:42Z,2023-01-04T05:47:25Z,51.558147,5.07561
21147042,591556,2023-01-02T11:59:07Z,2023-01-02T12:10:25Z,52.068553,4.333682
21144852,1330273,2023-01-02T07:38:13Z,2023-01-02T07:58:27Z,52.515453,13.336031
21175603,213778,2023-01-04T19:43:50Z,2023-01-04T19:58:26Z,51.917491,4.472386
21153217,1153075,2023-01-02T20:25:25Z,2023-01-02T20:37:25Z,51.927665,4.439414
21175337,406365,2023-01-04T19:10:27Z,2023-01-04T19:20:01Z,53.216645,6.58474
21147700,253563,2023-01-02T13:00:43Z,2023-01-02T13:02:39Z,53.2156,6.5867
21154518,209136,2023-01-02T22:41:32Z,2023-01-02T22:51:32Z,52.371555,4.890538
21149212,95919,2023-01-02T15:14:42Z,2023-01-02T15:25:12Z,52.080051,4.296074
21174644,69910,2023-01-04T18:17:12Z,2023-01-04T18:29:17Z,51.930116,4.508443
21167159,240116,2023-01-03T05:42:37Z,2023-01-03T05:52:37Z,53.207937,6.569458
21144449,1058236,2023-01-02T06:32:43Z,2023-01-02T06:33:54Z,52.507168,6.093157
21159917,942228,2023-01-03T13:59:09Z,2023-01-03T14:06:56Z,52.102783,4.265882
21156592,774935,2023-01-03T07:56:41Z,2023-01-03T10:31:35Z,52.37455,4.965437
21159041,1330560,2023-01-03T12:46:57Z,2023-01-03T13:10:50Z,52.508137,13.327998
21161288,615489,2023-01-03T15:35:45Z,2023-01-03T15:54:41Z,52.35136,4.83442
21159962,1272319,2023-01-03T14:02:50Z,2023-01-03T14:23:25Z,52.348165,4.865763
21146501,354552,2023-01-02T11:10:55Z,2023-01-02T11:14:47Z,52.374489,4.934931
21148278,661167,2023-01-02T13:59:41Z,2023-01-02T14:06:06Z,52.05939,4.313391
21171376,911661,2023-01-04T14:38:40Z,2023-01-04T14:54:20Z,51.908197,4.500188
21157394,1118471,2023-01-03T09:50:38Z,2023-01-03T10:06:07Z,51.92156,4.47187
21167222,349384,2023-01-04T00:21:51Z,2023-01-04T00:22:27Z,51.916222,4.46961
21175237,76177,2023-01-04T19:09:58Z,2023-01-04T19:17:39Z,52.093637,4.327488
21159246,958012,2023-01-03T13:02:39Z,2023-01-03T13:07:23Z,51.923303,4.471858
21164654,17177,2023-01-03T19:40:43Z,2023-01-03T19:50:44Z,51.9058,4.50294
21150846,679510,2023-01-02T17:00:39Z,2023-01-02T17:04:43Z,52.521608,6.118826
21162085,214192,2023-01-03T16:26:09Z,2023-01-03T16:40:18Z,52.379512,4.633425
21160093,15265,2023-01-03T14:08:06Z,2023-01-03T14:17:24Z,52.345156,4.859682
21158021,900695,2023-01-03T10:56:17Z,2023-01-03T11:11:07Z,51.924695,4.511798
21163157,697492,2023-01-03T17:36:25Z,2023-01-03T17:49:41Z,53.547201,10.010814
21154376,860863,2023-01-02T23:21:09Z,2023-01-02T23:38:01Z,52.531271,13.436293
21169099,355038,2023-01-04T10:31:01Z,2023-01-04T10:43:55Z,52.377818,4.636821
21158004,1048590,2023-01-03T11:04:29Z,2023-01-03T11:22:50Z,53.212444,6.559815
21150463,405973,2023-01-02T16:36:40Z,2023-01-02T16:39:55Z,51.922455,4.463224
21144245,351698,2023-01-02T05:04:10Z,2023-01-02T05:18:40Z,52.073778,4.242305
21155185,82945,2023-01-02T07:21:48Z,2023-01-02T07:31:48Z,52.068449,4.322462
21167218,1331349,2023-01-04T00:15:45Z,2023-01-04T00:18:10Z,51.921649,4.481214
21151826,1325997,2023-01-02T18:10:10Z,2023-01-02T18:15:06Z,51.921823,4.488169
21158174,1059361,2023-01-03T11:22:37Z,2023-01-03T11:31:25Z,52.530298,6.088503
21159444,1096869,2023-01-03T13:17:10Z,2023-01-03T14:56:53Z,52.36908,4.842945
21147355,425061,2023-01-02T12:26:43Z,2023-01-02T12:34:38Z,51.691115,5.303937
21157462,723025,2023-01-03T09:51:01Z,2023-01-03T10:08:06Z,52.487932,13.445025
21153578,329266,2023-01-02T21:12:11Z,2023-01-02T21:20:22Z,51.934189,4.474133
21167419,73232,2023-01-04T03:32:51Z,2023-01-04T03:46:05Z,52.051644,4.335851
21172931,413726,2023-01-04T16:27:54Z,2023-01-04T16:35:31Z,51.918938,4.492094
21145054,702396,2023-01-02T07:51:47Z,2023-01-02T08:12:14Z,52.509929,13.455154
21147916,1022230,2023-01-02T13:27:04Z,2023-01-02T13:43:02Z,51.921201,4.559151
21144384,728209,2023-01-02T06:09:20Z,2023-01-02T06:14:11Z,51.931718,4.50393
21152428,683624,2023-01-02T19:00:08Z,2023-01-02T19:14:23Z,52.534693,13.443598
21148216,648631,2023-01-02T13:52:04Z,2023-01-02T14:05:17Z,52.091107,4.266989
21167589,731643,2023-01-04T06:02:25Z,2023-01-04T06:04:09Z,51.91413,4.457406
21144187,698825,2023-01-02T03:46:45Z,2023-01-02T04:05:06Z,51.921114,4.483372
21166074,791420,2023-01-03T22:38:17Z,2023-01-03T22:45:18Z,51.917188,4.479892
21159378,796975,2023-01-03T13:08:52Z,2023-01-03T13:29:41Z,52.377996,4.846824
21158600,241792,2023-01-03T11:56:10Z,2023-01-03T12:13:38Z,53.207295,6.573216
21152138,1056254,2023-01-02T18:36:07Z,2023-01-02T18:56:43Z,52.37614,4.88198
21145101,417292,2023-01-02T07:58:56Z,2023-01-02T08:09:29Z,52.360243,4.603293
21151518,45129,2023-01-02T17:46:29Z,2023-01-02T17:57:25Z,52.369448,4.880235
21146107,981835,2023-01-02T10:29:07Z,2023-01-02T10:38:02Z,52.50068,13.4343
21171683,1138983,2023-01-04T15:09:44Z,2023-01-04T15:11:08Z,52.352746,4.889082
21157323,1758,2023-01-03T09:34:28Z,2023-01-03T10:03:35Z,52.356673,4.878898
21156045,31942,2023-01-03T07:04:51Z,2023-01-03T07:11:09Z,51.924597,4.495753
21164891,1115360,2023-01-03T19:57:03Z,2023-01-03T20:31:34Z,51.914122,4.390618
21147011,880548,2023-01-02T11:52:49Z,2023-01-02T12:02:49Z,51.817198,5.841253
21153756,1015437,2023-01-02T21:34:23Z,2023-01-02T21:51:03Z,52.511402,13.297337
21175538,1232948,2023-01-04T19:37:33Z,2023-01-04T19:52:12Z,52.514284,6.118612
21170072,1136087,2023-01-04T12:37:54Z,2023-01-04T12:42:18Z,51.951562,4.518412
21169745,403397,2023-01-04T11:59:10Z,2023-01-04T12:05:47Z,51.701234,5.328368
21145770,335418,2023-01-02T09:38:51Z,2023-01-02T09:48:10Z,51.911006,4.452412
21156986,751853,2023-01-03T08:51:53Z,2023-01-03T09:48:11Z,52.186411,6.882995
21155073,797888,2023-01-02T10:00:10Z,2023-01-02T10:10:10Z,52.471034,13.344769
21144645,1093565,2023-01-02T07:09:34Z,2023-01-02T07:28:08Z,52.527171,13.370616
21156049,1027107,2023-01-03T07:06:33Z,2023-01-03T07:55:31Z,51.95429,4.524783
21145402,707250,2023-01-02T08:42:43Z,2023-01-02T09:00:35Z,51.910136,4.477736
21159385,216378,2023-01-03T13:12:56Z,2023-01-03T13:20:16Z,52.072797,4.297573
21156672,372429,2023-01-03T08:14:00Z,2023-01-03T08:20:46Z,51.423808,5.481543
21166932,17468,2023-01-03T11:40:26Z,2023-01-03T11:50:26Z,51.916585,4.468486
21144028,978617,2023-01-02T00:56:29Z,2023-01-02T00:56:36Z,51.891714,4.484356
21173028,1298001,2023-01-04T16:32:14Z,2023-01-04T16:40:35Z,51.842783,5.862192
21155506,1111486,2023-01-03T02:02:20Z,2023-01-03T02:13:57Z,52.224812,6.873937
21169466,601407,2023-01-04T11:29:53Z,2023-01-04T11:50:39Z,52.040867,4.317177
21172878,948943,2023-01-04T16:26:43Z,2023-01-04T16:32:37Z,51.932137,4.500047
21144593,382341,2023-01-02T06:56:31Z,2023-01-02T07:10:18Z,53.210472,6.574959
21174197,765946,2023-01-04T17:47:28Z,2023-01-04T17:57:51Z,52.480659,13.446686
21176512,676334,2023-01-04T21:20:22Z,2023-01-04T21:25:57Z,51.698548,5.293908
21168387,168434,2023-01-04T08:22:02Z,2023-01-04T08:39:38Z,51.934598,4.46335
21175922,1097547,2023-01-04T20:16:15Z,2023-01-04T20:25:18Z,52.355346,4.890155
21151813,576125,2023-01-02T18:13:19Z,2023-01-02T18:13:33Z,51.922956,4.49802
21167831,1316845,2023-01-04T07:05:28Z,2023-01-04T07:25:52Z,51.438102,5.40418
21176626,202747,2023-01-04T21:25:54Z,2023-01-04T21:36:48Z,52.090307,4.261655
21144928,1087695,2023-01-02T07:46:29Z,2023-01-02T08:00:03Z,51.8341,5.88202
21167945,953017,2023-01-04T07:26:31Z,2023-01-04T07:39:51Z,52.484398,13.296306
21165485,898218,2023-01-03T21:12:39Z,2023-01-03T21:19:30Z,51.448423,5.45726
21171300,939938,2023-01-04T14:36:51Z,2023-01-04T14:54:38Z,50.787639,6.102868
21154667,1309039,2023-01-02T18:02:33Z,2023-01-02T18:12:33Z,52.071536,4.302651
21152180,392395,2023-01-02T18:40:15Z,2023-01-02T18:47:42Z,52.089188,4.309937
21156499,10648,2023-01-03T07:54:29Z,2023-01-03T08:02:21Z,52.371444,4.907257
21152040,74310,2023-01-02T18:22:30Z,2023-01-02T18:29:49Z,51.904583,4.484974
21157661,819389,2023-01-03T10:26:27Z,2023-01-03T10:38:07Z,52.370918,4.912086
21165887,181614,2023-01-03T22:07:07Z,2023-01-03T22:11:17Z,52.366763,4.884707
21150444,9216,2023-01-02T16:04:20Z,2023-01-02T16:59:13Z,52.34869,4.91839
21162380,368783,2023-01-03T16:47:38Z,2023-01-03T16:58:30Z,53.22659,6.563
